Rk,School,G,W,L,W-L%,SRS,SOS,,W,L,,W,L,,W,L,,Tm.,Opp.,,MP,FG,FGA,FG%,3P,3PA,3P%,FT,FTA,FT%,ORB,TRB,AST,STL,BLK,TOV,PF
1,Abilene Christian,28,13,15,0.464,-3.41,-4.49,,9,10,,11,4,,2,10,,1976,1880,,1135,689,1619,0.426,191,617,0.31,311,427,0.728,277,940,362,244,101,447,512
2,Air Force,31,15,16,0.484,-2.13,1.08,,8,10,,10,6,,5,8,,1981,2059,,1245,734,1653,0.444,135,424,0.318,456,605,0.754,340,1196,320,243,111,599,454
3,Akron,28,10,18,0.357,-8.98,-4.77,,5,12,,5,8,,4,9,,1742,1860,,1150,691,1633,0.423,167,539,0.31,311,448,0.694,312,1023,391,219,90,415,467
4,Alabama,31,23,8,0.742,22.51,9.71,,10,6,,15,3,,6,4,,2290,1893,,1240,705,1824,0.387,145,504,0.288,338,490,0.69,384,1104,373,232,125,536,572
5,Alabama A&M,29,15,14,0.517,-11.48,-10.88,,10,7,,10,3,,4,10,,1790,1777,,1170,635,1622,0.391,126,413,0.305,381,537,0.709,329,1042,318,252,99,506,524
6,Alabama State,28,3,25,0.107,-27.62,-2.91,,3,14,,1,8,,2,17,,1384,2076,,1120,728,1699,0.428,136,440,0.309,482,688,0.701,407,1165,421,348,114,418,453
7,Albany (NY),29,24,5,0.828,-2.52,-10.38,,13,3,,13,1,,11,4,,1796,1485,,1160,558,1507,0.37,129,479,0.269,240,335,0.716,278,820,279,221,99,436,479
8,Alcorn State,28,9,19,0.321,-17.29,-5.84,,7,10,,6,5,,3,14,,1508,1784,,1120,593,1565,0.379,151,517,0.292,447,667,0.67,329,1003,336,283,73,412,472
9,American,29,10,19,0.345,-14.35,-9.14,,8,10,,5,10,,5,9,,1752,1903,,1170,689,1630,0.423,155,510,0.304,370,519,0.713,312,1066,358,246,91,494,486
10,Appalachian State,31,17,14,0.548,-1.56,-1.63,,9,9,,10,3,,4,11,,2236,2234,,1245,818,1966,0.416,171,528,0.324,427,600,0.712,410,1273,375,250,104,553,611
11,Arizona,32,17,15,0.531,22.22,18.04,,8,10,,10,5,,4,7,,2238,2104,,1320,759,1788,0.424,199,624,0.319,387,562,0.689,371,1143,435,223,110,629,525
12,Arizona State,31,11,20,0.355,8.93,17.58,,3,15,,7,9,,1,9,,1905,2173,,1250,796,1858,0.428,195,604,0.323,386,549,0.703,430,1300,492,165,151,464,489
13,Arkansas,32,18,14,0.563,14,12.78,,6,10,,11,6,,4,6,,2230,2191,,1280,830,2083,0.398,199,625,0.318,332,461,0.72,394,1395,442,204,103,472,580
14,Arkansas State,30,13,17,0.433,-2.05,-1.84,,6,12,,10,7,,3,9,,1990,1916,,1210,715,1764,0.405,191,633,0.302,295,404,0.73,338,1082,400,160,71,451,494
15,Arkansas-Pine Bluff,30,16,14,0.533,-3.58,-5.65,,11,6,,8,4,,8,7,,2227,2034,,1207,698,1839,0.38,157,534,0.294,481,702,0.685,380,1175,422,244,90,577,585
16,Army,28,12,16,0.429,-15.62,-9.97,,9,9,,7,9,,5,7,,1655,1742,,1120,654,1482,0.441,130,420,0.31,304,424,0.717,237,933,381,210,133,453,393
17,Auburn,30,20,10,0.667,21.22,11.82,,8,8,,14,3,,5,7,,2017,1735,,1200,607,1621,0.374,116,425,0.273,405,561,0.722,325,1099,267,217,99,622,559
18,Austin Peay,30,15,15,0.5,-4.05,-5.86,,8,8,,8,8,,5,7,,1881,1807,,1215,639,1643,0.389,157,477,0.329,372,527,0.706,298,968,318,239,81,465,520
19,Ball State,30,26,4,0.867,10.05,-2.05,,15,2,,13,1,,11,3,,2215,1827,,1210,682,1648,0.414,169,533,0.317,294,434,0.677,289,1042,382,197,70,590,520
20,Baylor,29,23,6,0.793,29.23,13.12,,12,6,,14,2,,6,4,,2186,1719,,1160,652,1673,0.39,127,498,0.255,288,421,0.684,264,939,330,224,90,535,510
21,Bellarmine,28,10,18,0.357,-14.66,-3.66,,5,11,,6,7,,4,11,,1886,2096,,1125,730,1694,0.431,189,620,0.305,447,610,0.733,336,1117,342,210,86,476,523
22,Belmont,30,23,7,0.767,12.07,2.53,,16,3,,13,2,,9,4,,2137,1851,,1200,699,1788,0.391,166,578,0.287,287,402,0.714,331,1071,371,195,60,441,530
23,Bethune-Cookman,30,15,15,0.5,-9.75,-9.34,,6,11,,9,5,,4,9,,1993,1817,,1215,643,1731,0.371,132,512,0.258,399,571,0.699,382,1154,371,245,102,618,572
24,Binghamton,29,13,16,0.448,-8.57,-9.5,,8,8,,8,7,,5,7,,1806,1754,,1160,652,1605,0.406,120,396,0.303,330,516,0.64,346,1048,262,176,73,434,411
25,Boise State,31,19,12,0.613,2.24,-1.21,,10,8,,13,3,,5,8,,1959,1796,,1245,672,1842,0.365,176,612,0.288,276,389,0.71,318,1093,345,229,116,441,534
26,Boston College,33,14,19,0.424,12.61,11.3,,5,13,,11,6,,2,10,,2342,2299,,1326,855,1900,0.45,170,560,0.304,419,564,0.743,402,1234,454,252,107,683,593
27,Boston University,29,18,11,0.621,-9.47,-9.19,,10,8,,14,2,,4,9,,1833,1808,,1180,676,1758,0.385,180,561,0.321,276,379,0.728,363,998,395,225,80,396,523
28,Bowling Green State,28,16,12,0.571,-1.99,0.08,,10,7,,8,5,,6,7,,1907,1965,,1120,721,1677,0.43,195,555,0.351,328,437,0.751,307,980,403,172,92,371,485
29,Bradley,30,6,24,0.2,-16.35,-1.39,,2,17,,4,10,,1,13,,1812,2240,,1205,842,1877,0.449,191,576,0.332,365,506,0.721,359,1172,513,265,90,369,447
30,Brigham Young,31,16,15,0.516,11.96,11.51,,6,12,,10,5,,3,10,,2046,2032,,1245,719,1850,0.389,204,611,0.334,390,535,0.729,312,1042,379,240,107,384,528
31,Brown,26,15,11,0.577,-1.64,-0.12,,6,7,,6,5,,9,6,,1628,1611,,1040,611,1549,0.394,139,442,0.314,250,356,0.702,341,1026,326,199,99,431,407
32,Bryant,29,15,14,0.517,-12.97,-8.85,,8,8,,10,4,,5,9,,1766,1774,,1165,670,1673,0.4,160,538,0.297,274,383,0.715,306,1024,371,226,81,407,492
33,Bucknell,29,12,17,0.414,-12.41,-6.72,,9,9,,7,7,,5,10,,1601,1766,,1165,675,1709,0.395,158,537,0.294,258,372,0.694,323,1053,389,265,104,377,458
34,Buffalo,28,17,11,0.607,-3.57,-6.43,,10,7,,12,4,,5,7,,1860,1743,,1120,630,1651,0.382,182,664,0.274,301,449,0.67,341,1076,397,188,85,426,467
35,Butler,29,14,15,0.483,5.61,6.46,,6,12,,8,8,,5,7,,1815,1785,,1160,695,1660,0.419,166,526,0.316,229,325,0.705,281,943,403,211,96,367,400
36,Cal Poly,28,16,12,0.571,-0.73,-1.27,,12,6,,7,4,,9,8,,1728,1713,,1130,591,1475,0.401,163,502,0.325,368,520,0.708,275,866,306,251,112,489,488
37,Cal State Bakersfield,28,8,20,0.286,-12.57,-4.75,,5,14,,5,7,,3,12,,1655,1858,,1125,669,1613,0.415,184,604,0.305,336,474,0.709,351,1168,371,186,73,447,414
38,Cal State Fullerton,29,10,19,0.345,-7.86,-2.41,,6,13,,4,9,,5,9,,1719,1877,,1160,692,1666,0.415,194,587,0.33,299,408,0.733,324,1047,371,280,83,475,428
39,Cal State Northridge,30,3,27,0.1,-17.42,-2.59,,1,19,,2,14,,1,13,,1655,2089,,1210,751,1888,0.398,236,769,0.307,351,509,0.69,415,1318,483,314,93,493,462
40,California,32,18,14,0.563,17.35,16.54,,7,11,,12,7,,5,6,,2124,2098,,1290,794,1870,0.425,171,499,0.343,339,485,0.699,364,1127,424,210,90,440,504
41,California Baptist,28,25,3,0.893,3.28,-7.29,,17,2,,14,0,,11,3,,2271,1975,,1140,696,1842,0.378,237,812,0.292,346,499,0.693,318,1172,440,189,92,480,502
42,Campbell,28,15,13,0.536,-5.83,-6.6,,8,9,,9,4,,4,9,,1695,1533,,1125,582,1558,0.374,119,462,0.258,250,361,0.693,261,876,273,212,71,385,427
43,Canisius,28,16,12,0.571,-10.69,-10.73,,11,8,,8,5,,8,7,,1708,1699,,1125,633,1567,0.404,142,536,0.265,291,399,0.729,264,919,340,208,102,370,444
44,Central Arkansas,29,19,10,0.655,-1.26,-6.04,,11,5,,12,0,,7,9,,1923,1697,,1170,603,1650,0.365,140,505,0.277,351,517,0.679,313,1024,275,198,79,445,451
45,Central Connecticut State,29,9,20,0.31,-20.38,-12.69,,7,9,,6,6,,3,14,,1685,1908,,1165,698,1694,0.412,156,517,0.302,356,490,0.727,388,1173,332,215,86,455,421
46,Central Michigan,27,6,21,0.222,-16.1,-4.56,,4,12,,3,8,,3,13,,1665,1942,,1090,707,1738,0.407,192,574,0.334,336,464,0.724,323,987,383,281,74,354,468
47,Charleston Southern,30,11,19,0.367,-17.26,-11.05,,8,8,,8,6,,3,12,,1831,1998,,1205,736,1838,0.4,182,570,0.319,344,485,0.709,362,1096,376,277,72,478,480
48,Charlotte,30,16,14,0.533,4.4,2.4,,9,9,,10,4,,5,8,,1948,1888,,1230,677,1765,0.384,176,604,0.291,358,507,0.706,348,1054,398,253,106,542,605
49,Chattanooga,30,26,4,0.867,2.71,-6.3,,13,1,,12,2,,11,0,,1940,1619,,1200,584,1541,0.379,108,405,0.267,343,495,0.693,253,918,236,152,106,409,444
50,Chicago State,27,1,26,0.037,-31.06,-3.48,,,,,1,10,,0,12,,1592,2241,,1095,818,1830,0.447,178,565,0.315,427,631,0.677,429,1180,481,308,64,416,443
51,Cincinnati,30,14,16,0.467,11.58,14.04,,5,13,,8,7,,4,7,,1884,1958,,1200,695,1728,0.402,187,664,0.282,381,528,0.722,315,1051,410,194,117,440,576
52,Clemson,31,12,19,0.387,11.1,11.75,,5,13,,9,7,,2,9,,2158,2178,,1254,832,1933,0.43,220,686,0.321,294,416,0.707,365,1093,499,280,90,464,554
53,Cleveland State,32,28,4,0.875,9.07,-5.05,,18,2,,17,0,,9,3,,2411,1959,,1280,712,1865,0.382,217,709,0.306,318,440,0.723,338,1058,435,231,105,552,644
54,Coastal Carolina,33,12,21,0.364,-5.92,-0.23,,5,13,,5,7,,5,12,,2197,2355,,1325,831,2067,0.402,241,738,0.327,452,672,0.673,479,1286,433,304,109,543,697
55,Colgate,29,17,12,0.586,-6.17,-10.57,,10,8,,10,5,,7,6,,1820,1622,,1165,633,1545,0.41,79,325,0.243,277,405,0.684,248,866,314,199,54,411,483
56,College of Charleston,28,20,8,0.714,-0.66,-8.93,,12,5,,12,2,,8,6,,2104,1730,,1125,636,1653,0.385,165,592,0.279,293,448,0.654,348,1130,361,153,109,580,498
57,Colorado,31,22,9,0.71,29.59,17.79,,11,7,,11,3,,7,4,,2340,1974,,1250,699,1738,0.402,192,564,0.34,384,499,0.77,269,1013,340,192,133,516,460
58,Colorado State,29,19,10,0.655,5.75,-1.11,,10,8,,13,2,,5,8,,2010,1782,,1165,661,1773,0.373,199,650,0.306,261,377,0.692,319,1174,368,147,39,386,406
59,Columbia,26,21,5,0.808,15.17,1.75,,12,1,,14,1,,7,2,,2001,1652,,1040,608,1524,0.399,148,456,0.325,288,387,0.744,281,831,351,153,78,402,411
60,Connecticut,31,26,5,0.839,38.48,16.55,,18,0,,13,1,,11,3,,2525,1790,,1240,660,1828,0.361,198,692,0.286,272,380,0.716,327,1010,375,168,67,535,517
61,Coppin State,28,11,17,0.393,-10.46,-6.42,,8,6,,5,7,,6,10,,1553,1666,,1120,632,1581,0.4,128,431,0.297,274,393,0.697,341,1079,317,213,93,467,459
62,Cornell,25,7,18,0.28,-10.57,-0.13,,1,12,,3,7,,4,11,,1409,1670,,1000,609,1430,0.426,148,467,0.317,304,427,0.712,278,918,374,208,88,381,454
63,Creighton,28,24,4,0.857,23.94,12.12,,15,3,,11,2,,10,2,,2082,1751,,1120,650,1631,0.399,143,472,0.303,308,433,0.711,279,958,369,164,65,355,417
64,Dartmouth,26,7,19,0.269,-16.49,-2.99,,1,13,,4,9,,3,10,,1261,1519,,1040,608,1513,0.402,159,489,0.325,144,217,0.664,298,951,345,195,61,325,352
65,Davidson,26,18,8,0.692,8.73,-0.85,,8,7,,11,4,,7,4,,1689,1440,,1040,516,1367,0.377,107,361,0.296,301,411,0.732,271,840,204,162,58,405,420
66,Dayton,31,12,19,0.387,-8.16,0.6,,4,13,,7,7,,2,11,,1967,2135,,1245,782,1788,0.437,193,535,0.361,378,557,0.679,303,1002,407,237,117,441,488
67,Delaware,29,11,18,0.379,-3.85,-5.82,,7,10,,4,9,,6,6,,1958,1901,,1165,700,1760,0.398,187,567,0.33,314,469,0.67,323,1064,415,228,106,497,496
68,Delaware State,27,8,19,0.296,-24.61,-5.89,,4,10,,5,7,,3,12,,1555,1916,,1090,737,1663,0.443,181,563,0.321,261,389,0.671,353,1051,438,254,89,463,436
69,Denver,29,8,21,0.276,-9.24,-3.21,,5,11,,5,10,,3,11,,1871,2018,,1160,750,1677,0.447,155,463,0.335,363,465,0.781,277,1047,372,166,64,380,512
70,DePaul,31,12,19,0.387,8.06,7.99,,4,14,,9,8,,2,9,,2215,2213,,1250,813,1867,0.435,212,603,0.352,375,517,0.725,314,1184,471,216,97,540,441
71,Detroit Mercy,33,17,16,0.515,-8.84,-5.63,,9,11,,10,3,,6,13,,1988,2094,,1325,740,1927,0.384,199,648,0.307,415,575,0.722,341,1089,371,307,90,444,561
72,Drake,30,25,5,0.833,13.27,1.84,,18,1,,15,2,,10,3,,2428,2085,,1210,790,1915,0.413,230,665,0.346,275,371,0.741,267,918,430,259,102,459,558
73,Drexel,28,14,14,0.5,-2.96,-4.25,,9,8,,9,6,,5,7,,1595,1536,,1128,582,1431,0.407,129,420,0.307,243,345,0.704,265,931,320,175,87,461,361
74,Duke,30,20,10,0.667,27.67,16.37,,11,7,,14,3,,5,7,,2075,1736,,1215,610,1678,0.364,150,471,0.318,366,519,0.705,342,965,278,251,83,523,460
75,Duquesne,30,19,11,0.633,2.85,-0.45,,13,5,,10,3,,8,6,,2098,1999,,1215,709,1821,0.389,218,634,0.344,363,490,0.741,329,1079,403,189,100,409,498
76,East Carolina,29,16,13,0.552,7.43,3.77,,9,9,,10,6,,6,5,,1930,1824,,1181,650,1662,0.391,164,528,0.311,360,534,0.674,424,1125,412,260,73,633,532
77,East Tennessee State,30,18,12,0.6,-5.16,-7.55,,7,7,,12,3,,5,8,,1783,1669,,1200,611,1627,0.376,176,555,0.317,271,408,0.664,326,1034,287,187,70,443,496
78,Eastern Illinois,32,15,17,0.469,-9.56,-7.84,,11,7,,8,4,,6,11,,2113,2168,,1310,816,1994,0.409,202,600,0.337,334,469,0.712,375,1166,466,308,85,469,495
79,Eastern Kentucky,31,21,10,0.677,-4.28,-6.89,,9,7,,11,3,,9,6,,2213,1958,,1240,706,1757,0.402,166,542,0.306,380,528,0.72,300,1106,362,232,109,587,594
80,Eastern Michigan,28,6,22,0.214,-16.53,-4.42,,2,15,,4,8,,2,14,,1602,1904,,1130,688,1625,0.423,189,550,0.344,339,477,0.711,312,1045,396,244,71,440,442
81,Eastern Washington,31,26,5,0.839,7.93,-3.66,,16,2,,12,2,,12,3,,2141,1731,,1245,626,1717,0.365,146,498,0.293,333,437,0.762,308,1103,312,209,81,518,424
82,Elon,30,11,19,0.367,-13.19,-4.48,,7,10,,2,10,,9,8,,1603,1840,,1200,661,1694,0.39,173,574,0.301,345,480,0.719,361,1161,380,231,97,503,438
83,Evansville,30,4,26,0.133,-19.5,-1.44,,2,17,,2,12,,2,14,,1901,2443,,1220,905,1940,0.466,174,577,0.302,459,628,0.731,346,1251,481,318,139,447,605
84,Fairfield,28,27,1,0.964,6.53,-10.55,,19,0,,12,0,,15,1,,2048,1500,,1125,524,1482,0.354,131,485,0.27,321,467,0.687,277,877,272,214,53,541,454
85,FDU,29,13,16,0.448,-17.24,-12.74,,11,5,,8,6,,5,10,,1702,1780,,1165,653,1647,0.396,140,467,0.3,334,433,0.771,316,995,356,208,76,384,468
86,Florida,30,16,14,0.533,16.68,12.15,,5,11,,8,5,,3,9,,2255,2119,,1205,740,1833,0.404,176,534,0.33,463,647,0.716,406,1199,360,210,99,547,532
87,Florida A&M,28,8,20,0.286,-16.66,-5.8,,7,10,,6,5,,2,15,,1666,1970,,1140,677,1609,0.421,160,497,0.322,456,652,0.699,394,1093,374,245,103,531,519
88,Florida Atlantic,29,11,18,0.379,-3.93,1.14,,6,12,,6,8,,5,9,,1781,1905,,1165,722,1801,0.401,184,556,0.331,277,391,0.708,400,1107,403,231,103,395,491
89,Florida Gulf Coast,30,26,4,0.867,14.33,-2.78,,16,0,,15,0,,9,3,,2250,1630,,1200,605,1516,0.399,126,422,0.299,294,437,0.673,241,907,239,166,84,563,566
90,Florida International,29,20,9,0.69,-1.47,-4.83,,11,4,,13,5,,7,4,,2027,1850,,1160,663,1676,0.396,162,540,0.3,362,573,0.632,331,1018,319,246,104,541,553
91,Florida State,31,22,9,0.71,20.65,12.23,,12,6,,13,3,,7,4,,2475,2214,,1260,858,2202,0.39,207,670,0.309,291,410,0.71,442,1366,457,169,106,458,551
92,Fordham,29,12,17,0.414,-2.73,-0.51,,7,10,,10,6,,2,10,,1811,1803,,1165,654,1615,0.405,215,616,0.349,280,382,0.733,306,1016,397,219,69,516,407
93,Fresno State,31,14,17,0.452,-3.31,-3,,7,11,,10,7,,3,9,,2024,1952,,1240,722,1641,0.44,173,493,0.351,335,470,0.713,273,1045,346,191,107,526,456
94,Furman,31,15,16,0.484,-11.91,-8.26,,5,9,,11,4,,3,10,,2051,1986,,1240,760,1867,0.407,173,604,0.286,293,445,0.658,336,1053,385,252,125,451,534
95,Gardner-Webb,30,6,24,0.2,-23.78,-9.34,,5,11,,4,9,,2,14,,1868,2301,,1198,818,1861,0.44,187,600,0.312,478,676,0.707,394,1225,435,245,83,434,457
96,George Mason,29,23,6,0.793,11.7,-0.37,,14,4,,12,1,,11,5,,2062,1673,,1165,605,1616,0.374,164,575,0.285,299,444,0.673,324,1053,319,177,79,546,527
97,George Washington,31,13,18,0.419,-3.16,-1.39,,6,12,,10,5,,3,9,,1812,1804,,1240,642,1654,0.388,156,506,0.308,364,526,0.692,294,1051,314,277,111,480,466
98,Georgetown,29,19,10,0.655,8.64,5.33,,9,9,,9,5,,10,5,,1688,1592,,1165,583,1562,0.373,141,480,0.294,285,398,0.716,293,951,334,233,83,431,466
99,Georgia,30,12,18,0.4,9.92,13.62,,3,13,,8,7,,1,9,,1895,2006,,1205,725,1853,0.391,215,665,0.323,341,502,0.679,384,1134,458,233,77,446,466
100,Georgia Southern,33,15,18,0.455,-6,-4.71,,4,14,,8,7,,5,10,,2385,2323,,1320,825,2155,0.383,202,642,0.315,471,702,0.671,487,1396,416,298,100,655,619
101,Georgia State,30,15,15,0.5,-4.27,-2.81,,9,9,,9,6,,6,8,,2094,2056,,1205,726,1838,0.395,204,626,0.326,400,586,0.683,418,1220,413,235,95,527,520
102,Georgia Tech,32,17,15,0.531,14.02,12.11,,7,11,,9,7,,6,6,,2187,2126,,1290,818,1965,0.416,184,595,0.309,306,451,0.678,337,1182,429,218,113,450,489
103,Gonzaga,31,29,2,0.935,28.08,5.82,,16,0,,14,0,,12,1,,2542,1852,,1249,703,1777,0.396,169,608,0.278,277,378,0.733,294,906,372,191,64,472,497
104,Grambling,28,20,8,0.714,-6.65,-7.41,,14,3,,12,2,,8,6,,2028,1755,,1135,610,1658,0.368,161,546,0.295,374,575,0.65,340,1057,369,250,79,650,568
105,Grand Canyon,30,24,6,0.8,7.46,-4.88,,16,3,,13,3,,11,3,,2079,1647,,1215,586,1560,0.376,164,562,0.292,311,454,0.685,269,945,313,206,69,551,471
106,Green Bay,31,25,6,0.806,14.75,-1.65,,17,3,,14,1,,9,4,,2321,1790,,1240,647,1693,0.382,214,694,0.308,282,381,0.74,282,946,397,183,53,471,513
107,Hampton,27,3,24,0.111,-19.32,-5.51,,3,14,,2,8,,1,14,,1464,1837,,1080,614,1529,0.402,176,565,0.312,433,592,0.731,350,1158,382,223,89,522,485
108,Harvard,27,16,11,0.593,7.21,1.46,,9,5,,6,3,,8,8,,1868,1713,,1080,624,1534,0.407,133,460,0.289,332,463,0.717,300,927,351,174,68,411,427
109,Hawaii,28,19,9,0.679,1.97,-0.57,,16,3,,13,3,,6,6,,1653,1582,,1126,579,1581,0.366,147,554,0.265,277,385,0.719,312,1008,294,220,75,385,473
110,High Point,30,20,10,0.667,-11.71,-9.17,,14,2,,12,4,,8,3,,1897,1905,,1215,674,1750,0.385,158,500,0.316,399,542,0.736,372,1196,337,193,91,486,531
111,Hofstra,28,9,19,0.321,-15.07,-9.25,,3,14,,6,10,,3,9,,1597,1665,,1125,600,1541,0.389,158,500,0.316,307,439,0.699,321,987,329,243,101,473,475
112,Holy Cross,29,17,12,0.586,-5.18,-10.01,,11,7,,12,2,,5,10,,1808,1632,,1165,592,1650,0.359,135,514,0.263,313,441,0.71,279,999,314,175,77,346,443
113,Houston,30,14,16,0.467,10.43,11.4,,5,13,,11,6,,3,9,,2030,2059,,1210,744,1700,0.438,157,504,0.312,414,547,0.757,364,1228,424,219,92,634,478
114,Houston Christian,29,6,23,0.207,-22.13,-4.21,,1,17,,5,8,,1,15,,1556,1886,,1160,699,1751,0.399,149,484,0.308,339,493,0.688,374,1155,381,244,86,408,370
115,Howard,28,13,15,0.464,-7.44,-8.37,,10,4,,8,4,,5,8,,1663,1637,,1130,543,1535,0.354,164,576,0.285,387,558,0.694,337,1090,312,210,100,520,504
116,Idaho,30,15,15,0.5,-3.33,-4.44,,8,10,,4,11,,10,4,,1792,1700,,1205,628,1649,0.381,141,473,0.298,303,404,0.75,265,1024,245,202,128,415,462
117,Idaho State,29,11,18,0.379,-3.59,-0.49,,7,11,,8,5,,2,12,,1729,1777,,1165,589,1552,0.38,200,646,0.31,399,565,0.706,293,1010,359,242,76,444,462
118,Illinois,29,14,15,0.483,19.19,13.26,,8,10,,10,5,,3,7,,2159,1987,,1165,739,1744,0.424,186,596,0.312,323,428,0.755,300,991,425,177,73,426,473
119,Illinois State,29,20,9,0.69,4.91,-0.77,,13,6,,13,1,,6,8,,2161,1964,,1170,720,1812,0.397,200,662,0.302,324,455,0.712,289,1009,411,206,80,377,615
120,Illinois-Chicago,30,17,13,0.567,0.6,-3.14,,10,9,,8,4,,8,8,,2079,1967,,1210,725,1786,0.406,177,535,0.331,340,451,0.754,323,1039,423,234,103,535,635
121,Incarnate Word,29,19,10,0.655,-6.88,-8.48,,12,6,,11,4,,8,6,,1817,1656,,1185,597,1576,0.379,142,483,0.294,320,458,0.699,298,988,315,187,87,455,508
122,Indiana,28,24,4,0.857,30.28,13.82,,15,3,,15,0,,7,4,,2249,1788,,1120,670,1663,0.403,148,476,0.311,300,416,0.721,254,874,314,153,76,395,494
123,Indiana State,29,10,19,0.345,-9.11,-2.07,,6,13,,3,9,,6,9,,1867,2066,,1165,711,1707,0.417,190,612,0.31,454,625,0.726,347,1067,381,254,86,457,494
124,Iona,28,11,17,0.393,-15.41,-10.12,,6,13,,5,8,,6,9,,1617,1765,,1125,683,1666,0.41,165,538,0.307,234,339,0.69,332,1019,402,236,77,389,402
125,Iowa,30,26,4,0.867,37.11,16.24,,15,3,,13,1,,8,3,,2780,2154,,1205,794,1970,0.403,227,744,0.305,339,459,0.739,312,1022,412,213,84,442,576
126,Iowa State,28,18,10,0.643,22.34,15.2,,11,6,,13,2,,5,6,,2108,1908,,1130,691,1789,0.386,233,740,0.315,293,395,0.742,248,901,409,251,76,303,489
127,IUPUI,30,7,23,0.233,-12.58,-1.95,,5,15,,5,9,,2,13,,1934,2253,,1209,827,1938,0.427,165,535,0.308,434,575,0.755,391,1158,435,261,115,441,596
128,Jackson State,28,22,6,0.786,5.05,-4.07,,17,0,,10,0,,10,5,,2010,1603,,1120,556,1609,0.346,121,461,0.262,370,518,0.714,341,950,295,223,76,485,563
129,Jacksonville,29,10,19,0.345,-10.48,-2.71,,6,10,,8,5,,2,14,,1877,2051,,1160,725,1716,0.422,171,595,0.287,430,630,0.683,375,1043,374,299,91,536,605
130,Jacksonville State,27,11,16,0.407,-9.14,-1.82,,6,9,,8,4,,3,12,,1584,1701,,1085,638,1537,0.415,133,432,0.308,292,420,0.695,258,1011,325,208,75,415,415
131,James Madison,31,21,10,0.677,4.72,1.22,,13,5,,12,3,,8,6,,2226,2048,,1244,738,2012,0.367,200,697,0.287,372,510,0.729,338,1114,376,233,94,382,529
132,Kansas,29,18,11,0.621,20.5,16.05,,11,7,,13,1,,4,8,,1976,1847,,1160,671,1706,0.393,176,551,0.319,329,442,0.744,339,1058,377,161,105,432,524
133,Kansas City,31,12,19,0.387,-10.31,-4.28,,3,13,,9,7,,2,10,,2009,2050,,1240,684,1716,0.399,161,515,0.313,521,727,0.717,341,1095,371,252,61,507,560
134,Kansas State,30,24,6,0.8,29.25,13.55,,12,5,,15,1,,6,4,,2180,1709,,1215,622,1749,0.356,140,536,0.261,325,455,0.714,294,1051,332,220,74,495,476
135,Kennesaw State,29,11,18,0.379,-10.22,-2.03,,7,9,,7,7,,3,10,,1706,1853,,1170,665,1600,0.416,169,537,0.315,354,514,0.689,299,970,378,227,86,486,472
136,Kent State,27,18,9,0.667,3.92,-1.92,,12,4,,9,3,,8,5,,1962,1674,,1090,596,1546,0.386,163,551,0.296,319,433,0.737,258,928,284,189,70,434,459
137,Kentucky,32,12,20,0.375,4.8,14.8,,4,12,,10,7,,1,9,,2060,2380,,1285,907,1961,0.463,179,580,0.309,385,512,0.752,367,1230,549,246,150,510,592
138,La Salle,30,8,22,0.267,-12.71,0.46,,5,13,,3,11,,5,10,,1729,2124,,1205,791,1853,0.427,181,618,0.293,361,493,0.732,427,1290,485,217,86,470,420
139,Lafayette,29,10,19,0.345,-16.66,-9.38,,5,13,,3,9,,7,10,,1631,1842,,1169,680,1652,0.412,179,553,0.324,303,419,0.723,312,1025,425,233,72,385,358
140,Lamar,28,23,5,0.821,0.8,-6.28,,17,1,,11,1,,11,3,,1876,1594,,1120,569,1457,0.391,126,440,0.286,330,454,0.727,256,888,301,194,66,481,496
141,Le Moyne,29,16,13,0.552,-13.36,-9.36,,14,2,,7,3,,9,10,,1646,1762,,1165,653,1641,0.398,197,634,0.311,259,389,0.666,391,1128,415,213,88,480,447
142,Lehigh,29,17,12,0.586,-8.98,-11.58,,9,9,,9,5,,7,6,,2014,1905,,1170,718,1791,0.401,144,445,0.324,325,433,0.751,301,1033,346,224,56,397,493
143,Liberty,30,15,15,0.5,1.94,4.83,,10,5,,10,5,,5,7,,1955,1994,,1210,694,1818,0.382,202,622,0.325,404,556,0.727,368,1045,378,248,56,354,441
144,Lindenwood,28,7,21,0.25,-16.88,-7.65,,5,13,,6,7,,1,14,,1815,2019,,1130,723,1529,0.473,147,414,0.355,426,587,0.726,323,1074,382,177,68,511,497
145,Lipscomb,29,17,12,0.586,-4.14,-4.51,,10,6,,8,5,,9,7,,1969,1884,,1175,691,1820,0.38,191,644,0.297,311,433,0.718,337,1133,340,192,104,418,473
146,Little Rock,29,12,17,0.414,-7.26,-2.26,,11,7,,6,8,,5,9,,1621,1766,,1170,611,1462,0.418,157,485,0.324,387,559,0.692,284,1028,302,164,76,501,459
147,Long Beach State,29,13,16,0.448,-3.94,-1.44,,8,11,,8,8,,5,8,,1954,2004,,1168,719,1842,0.39,174,630,0.276,392,545,0.719,417,1143,369,315,99,560,545
148,Long Island University,29,8,21,0.276,-26.15,-16.63,,5,11,,5,9,,3,12,,1688,1964,,1165,735,1748,0.42,197,599,0.329,297,434,0.684,355,1063,483,259,85,439,439
149,Longwood,30,9,21,0.3,-21.72,-10.65,,6,10,,6,6,,3,14,,1830,2060,,1200,762,1850,0.412,225,695,0.324,311,441,0.705,400,1216,451,233,89,556,491
150,Louisiana,29,16,13,0.552,-2.09,0.14,,10,8,,8,7,,7,6,,1688,1700,,1175,598,1537,0.389,144,540,0.267,360,516,0.698,325,1097,311,194,74,505,507
151,Louisiana State,30,26,4,0.867,33.93,8.4,,13,3,,16,1,,8,2,,2636,1870,,1200,680,1861,0.365,193,654,0.295,317,482,0.658,363,992,319,238,106,610,669
152,Louisiana Tech,30,13,17,0.433,-2.03,0.8,,7,8,,9,5,,4,10,,1884,1871,,1215,687,1673,0.411,161,536,0.3,336,484,0.694,322,1056,358,238,89,472,502
153,Louisiana-Monroe,31,19,12,0.613,0.78,-2.05,,10,8,,9,4,,7,8,,2272,2073,,1240,735,1929,0.381,183,667,0.274,420,601,0.699,410,1280,366,185,73,519,551
154,Louisville,32,24,8,0.75,25.53,14.47,,12,6,,14,2,,7,5,,2359,2005,,1280,740,1774,0.417,175,585,0.299,350,500,0.7,313,998,375,231,107,588,608
155,Loyola (IL),30,15,15,0.5,-1.5,-1.54,,8,10,,8,7,,6,8,,1893,1892,,1205,700,1651,0.424,186,538,0.346,306,436,0.702,327,1035,445,224,108,534,536
156,Loyola (MD),29,15,14,0.517,-11.74,-9.7,,10,8,,7,7,,8,7,,1718,1777,,1165,645,1521,0.424,166,483,0.344,321,462,0.695,257,920,382,178,83,418,416
157,Loyola Marymount,28,10,18,0.357,-3.96,2.97,,5,10,,6,8,,4,10,,1682,1820,,1125,671,1556,0.431,173,577,0.3,305,430,0.709,292,937,407,206,98,422,417
158,Maine,30,21,9,0.7,3.23,-4.61,,14,2,,11,2,,8,6,,1944,1709,,1200,650,1597,0.407,139,459,0.303,270,412,0.655,250,970,363,186,91,428,397
159,Manhattan,28,17,11,0.607,-10.48,-10.76,,10,9,,10,3,,7,8,,1596,1588,,1125,593,1543,0.384,168,495,0.339,234,330,0.709,297,927,360,220,54,428,492
160,Marist,29,6,23,0.207,-17.51,-9.3,,4,15,,4,9,,2,12,,1631,1869,,1185,701,1832,0.383,199,676,0.294,268,365,0.734,345,1153,382,306,80,396,456
161,Marquette,29,22,7,0.759,20.13,7.61,,11,7,,13,3,,7,4,,2094,1731,,1160,646,1623,0.398,156,479,0.326,283,402,0.704,233,892,325,198,88,479,454
162,Marshall,29,23,6,0.793,9.83,-1.72,,17,1,,11,1,,12,5,,2478,2041,,1160,770,1727,0.446,130,434,0.3,371,565,0.657,368,1146,379,235,91,694,599
163,Maryland,30,18,12,0.6,22.85,17.89,,9,9,,12,3,,3,8,,2335,2186,,1205,805,1942,0.415,212,704,0.301,364,471,0.773,365,1102,486,219,96,504,588
164,Maryland-Baltimore County,28,10,18,0.357,-15.21,-8.9,,6,10,,6,8,,4,10,,1652,1772,,1145,674,1605,0.42,129,433,0.298,295,435,0.678,322,1013,345,233,99,451,465
165,Maryland-Eastern Shore,29,15,14,0.517,-8.24,-8.65,,8,6,,10,4,,5,10,,1812,1719,,1160,604,1574,0.384,158,520,0.304,353,528,0.669,313,1004,312,230,84,541,474
166,Massachusetts,32,5,27,0.156,-11.94,1.18,,2,16,,4,9,,0,14,,1857,2277,,1280,797,1788,0.446,225,653,0.345,458,601,0.762,376,1193,515,280,77,552,470
167,Massachusetts-Lowell,28,4,24,0.143,-18.7,-6.81,,4,12,,2,10,,2,14,,1462,1795,,1125,687,1595,0.431,121,402,0.301,300,401,0.748,294,1051,386,225,108,412,400
168,McNeese State,31,6,25,0.194,-26.99,-5.14,,2,16,,6,13,,0,12,,2020,2430,,1245,906,2028,0.447,206,565,0.365,412,600,0.687,402,1286,523,295,94,496,598
169,Memphis,29,13,16,0.448,4.52,6.21,,9,9,,8,5,,4,9,,1965,2014,,1185,716,1623,0.441,116,380,0.305,466,648,0.719,309,1120,369,206,131,587,531
170,Mercer,31,15,16,0.484,-4.29,-5.09,,8,6,,10,4,,3,11,,2018,1993,,1255,720,1728,0.417,128,447,0.286,425,590,0.72,327,1099,338,231,83,484,472
171,Merrimack,29,11,18,0.379,-18.42,-15.14,,8,8,,6,8,,5,10,,1720,1815,,1165,630,1642,0.384,187,600,0.312,368,523,0.704,344,1052,347,241,118,483,531
172,Miami (FL),30,19,11,0.633,17.82,11.05,,8,10,,14,4,,4,6,,2019,1816,,1210,658,1755,0.375,194,628,0.309,306,411,0.745,381,1048,409,220,88,512,421
173,Miami (OH),28,8,20,0.286,-13.44,-3.11,,5,12,,5,7,,3,13,,1496,1785,,1140,623,1564,0.398,218,654,0.333,321,466,0.689,357,1054,384,264,102,469,387
174,Michigan,31,19,12,0.613,19.54,12.54,,9,9,,11,4,,5,6,,2170,1953,,1245,700,1650,0.424,188,586,0.321,365,505,0.723,254,958,371,196,89,525,562
175,Michigan State,29,22,7,0.759,28.24,10.86,,12,6,,13,2,,6,4,,2450,1946,,1160,722,1670,0.432,180,534,0.337,322,432,0.745,252,982,417,160,88,536,526
176,Middle Tennessee,29,25,4,0.862,17.3,-0.25,,15,0,,11,1,,11,2,,2085,1576,,1165,579,1661,0.349,170,591,0.288,248,360,0.689,336,995,296,166,76,427,484
177,Milwaukee,32,16,16,0.5,-4.5,-5.46,,10,10,,8,7,,7,8,,2117,2005,,1285,712,1815,0.392,177,618,0.286,404,543,0.744,346,1044,412,286,97,467,514
178,Minnesota,31,16,15,0.516,15.84,12.42,,5,13,,13,6,,2,8,,2168,2062,,1250,765,1814,0.422,247,711,0.347,285,391,0.729,295,1100,498,233,93,489,497
179,Mississippi,29,22,7,0.759,21.27,10.85,,12,4,,11,4,,8,3,,1987,1685,,1170,614,1636,0.375,127,410,0.31,330,465,0.71,310,961,343,192,97,494,532
180,Mississippi State,32,21,11,0.656,19.36,9.8,,8,8,,11,5,,7,5,,2408,2102,,1290,803,2025,0.397,206,663,0.311,290,429,0.676,372,1108,432,227,114,455,525
181,Mississippi Valley State,30,4,26,0.133,-24.2,-2.44,,3,14,,1,9,,3,15,,1661,2314,,1200,801,1859,0.431,193,635,0.304,519,765,0.678,485,1421,466,285,171,553,494
182,Missouri,30,11,19,0.367,12.33,13.37,,2,14,,8,7,,2,9,,2099,2130,,1205,798,1895,0.421,208,659,0.316,326,448,0.728,342,1099,424,247,100,410,460
183,Missouri State,28,20,8,0.714,5.04,-0.88,,14,5,,14,1,,6,7,,1932,1766,,1120,608,1422,0.428,146,436,0.335,404,560,0.721,214,846,314,206,67,494,485
184,Monmouth,28,20,8,0.714,-0.9,-5.71,,13,4,,8,6,,12,2,,1798,1628,,1130,631,1712,0.369,116,448,0.259,250,388,0.644,311,930,299,219,78,358,437
185,Montana,29,21,8,0.724,6.47,-1.1,,13,5,,10,5,,10,3,,2097,1834,,1160,686,1682,0.408,184,544,0.338,278,371,0.749,245,941,344,208,88,350,408
186,Montana State,31,16,15,0.516,1.25,0.05,,10,8,,10,4,,5,10,,1852,1815,,1240,648,1658,0.391,197,622,0.317,322,459,0.702,332,1097,345,261,102,542,505
187,Morehead State,30,15,15,0.5,-8.91,-5.58,,10,8,,9,6,,6,8,,1989,1968,,1230,706,1791,0.394,166,544,0.305,390,531,0.734,353,1115,354,202,90,512,541
188,Morgan State,29,8,21,0.276,-18.18,-6.55,,3,11,,5,8,,2,12,,1564,1833,,1165,650,1558,0.417,158,422,0.374,375,539,0.696,347,1111,375,252,83,572,398
189,Mount St. Mary's,28,12,16,0.429,-13.73,-9.3,,9,10,,6,6,,6,10,,1518,1642,,1125,599,1570,0.382,163,570,0.286,281,395,0.711,326,1093,345,201,63,465,393
190,Murray State,28,18,10,0.643,6.6,-0.66,,11,8,,10,4,,8,6,,2399,2145,,1121,808,1799,0.449,192,551,0.348,337,462,0.729,283,1011,422,208,100,478,526
191,Navy,29,13,16,0.448,-16.24,-9.87,,9,9,,10,6,,3,10,,1786,1862,,1165,667,1628,0.41,172,520,0.331,356,497,0.716,275,1104,401,225,82,503,437
192,NC State,30,25,5,0.833,30.02,15.66,,13,5,,15,1,,7,4,,2262,1831,,1215,701,1947,0.36,200,673,0.297,229,305,0.751,328,1107,334,193,109,413,550
193,Nebraska,30,20,10,0.667,22.48,13.21,,11,7,,13,3,,5,6,,2181,1903,,1200,705,1752,0.402,189,641,0.295,304,421,0.722,258,975,389,193,87,425,531
194,Nevada,31,16,15,0.516,-2.71,-1.14,,10,8,,9,6,,5,7,,2003,2015,,1255,725,1719,0.422,187,551,0.339,378,523,0.723,323,1178,358,206,134,577,491
195,Nevada-Las Vegas,29,27,2,0.931,20.06,-0.57,,17,1,,12,1,,14,1,,2324,1726,,1165,665,1729,0.385,163,560,0.291,233,331,0.704,225,916,325,133,84,397,443
196,New Hampshire,29,9,20,0.31,-14.49,-8.45,,3,13,,7,8,,1,12,,1569,1704,,1160,595,1450,0.41,200,617,0.324,314,424,0.741,274,961,364,222,91,531,427
197,New Mexico,31,21,10,0.677,1.21,-2.56,,12,6,,14,4,,7,4,,2015,1878,,1245,724,1900,0.381,207,693,0.299,223,321,0.695,286,1141,407,200,114,431,477
198,New Mexico State,28,11,17,0.393,-4.89,-2.33,,5,10,,7,6,,2,10,,1676,1710,,1140,607,1483,0.409,143,505,0.283,353,523,0.675,274,899,308,212,94,494,480
199,New Orleans,29,11,18,0.379,-12.84,-6.71,,8,10,,6,6,,5,12,,1799,1977,,1176,706,1783,0.396,186,616,0.302,379,498,0.761,374,1242,401,260,128,541,529
200,Niagara,29,17,12,0.586,-6.7,-5.59,,14,5,,10,3,,7,7,,2022,2054,,1170,733,1584,0.463,155,475,0.326,433,608,0.712,327,1145,486,295,110,793,520
201,Nicholls State,30,13,17,0.433,-11.94,-8.68,,7,11,,8,5,,4,12,,1883,1880,,1205,652,1636,0.399,164,572,0.287,412,571,0.722,297,1130,364,243,65,530,448
202,NJIT,29,12,17,0.414,-15.33,-10.64,,4,12,,8,7,,4,10,,1681,1817,,1170,682,1729,0.394,137,462,0.297,316,481,0.657,388,1078,369,249,109,418,480
203,Norfolk State,29,24,5,0.828,1.1,-11.97,,13,1,,10,0,,13,4,,1961,1539,,1165,523,1444,0.362,165,568,0.29,328,473,0.693,294,994,324,167,70,619,430
204,North Alabama,29,12,17,0.414,-11.67,-4.41,,8,8,,8,6,,4,11,,1988,2106,,1170,778,1823,0.427,158,502,0.315,392,538,0.729,365,1139,390,256,95,460,478
205,North Carolina,31,19,12,0.613,21.92,14.89,,11,7,,14,2,,3,6,,2136,1918,,1250,679,1800,0.377,206,643,0.32,354,490,0.722,325,1124,380,176,89,494,602
206,North Carolina A&T,28,18,10,0.643,-0.56,-4.64,,12,5,,8,4,,9,5,,1840,1601,,1135,561,1619,0.347,169,592,0.285,310,451,0.687,326,997,356,231,66,486,525
207,North Carolina Central,29,15,14,0.517,-18.46,-10.3,,9,5,,8,3,,7,11,,1916,1917,,1175,703,1875,0.375,146,539,0.271,365,543,0.672,434,1244,369,267,104,611,513
208,North Dakota,29,9,20,0.31,-13.13,-0.71,,5,11,,6,10,,3,9,,1938,2206,,1159,773,1833,0.422,234,698,0.335,426,607,0.702,356,1158,405,264,79,452,515
209,North Dakota State,29,19,10,0.655,5.21,-0.28,,13,3,,12,1,,7,6,,2227,2003,,1160,720,1648,0.437,138,444,0.311,425,588,0.723,285,912,335,223,92,471,575
210,North Florida,30,9,21,0.3,-13.4,-3.51,,3,13,,7,7,,2,13,,1906,2045,,1230,760,1799,0.422,162,544,0.298,363,531,0.684,356,1125,376,225,100,438,453
211,North Texas,30,23,7,0.767,9.25,0.25,,13,5,,12,2,,9,5,,2262,1926,,1235,721,1912,0.377,182,691,0.263,302,474,0.637,385,1064,359,285,96,509,654
212,Northeastern,25,9,16,0.36,-14.81,-7.25,,5,10,,5,8,,4,8,,1417,1606,,1005,593,1453,0.408,167,544,0.307,253,348,0.727,326,919,338,210,64,368,350
213,Northern Arizona,31,23,8,0.742,3.46,-0.81,,15,3,,9,4,,12,4,,2352,2170,,1255,781,1860,0.42,192,590,0.325,416,568,0.732,311,1152,416,204,89,493,514
214,Northern Colorado,29,15,14,0.517,-2.06,-2.54,,10,8,,9,5,,6,9,,1911,1809,,1164,671,1663,0.403,163,542,0.301,304,411,0.74,303,933,361,217,82,418,518
215,Northern Illinois,29,14,15,0.483,-9.88,-6.23,,7,10,,8,6,,4,9,,1871,1907,,1165,714,1843,0.387,185,631,0.293,294,430,0.684,320,1103,381,252,87,365,457
216,Northern Iowa,28,14,14,0.5,7.88,4.95,,13,6,,9,4,,5,8,,2056,1974,,1120,709,1678,0.423,221,625,0.354,335,461,0.727,281,1025,421,169,111,404,459
217,Northern Kentucky,31,11,20,0.355,-6.94,-1.54,,8,12,,6,7,,5,11,,2118,2276,,1245,833,1902,0.438,206,629,0.328,404,565,0.715,352,1166,430,263,100,421,566
218,Northwestern,30,9,21,0.3,0.13,14.3,,4,14,,6,9,,3,9,,1984,2409,,1205,866,1928,0.449,241,673,0.358,436,569,0.766,395,1163,568,267,91,377,438
219,Northwestern State,29,11,18,0.379,-12.45,-5.19,,7,11,,7,6,,4,12,,1696,1784,,1160,627,1672,0.375,145,510,0.284,385,517,0.745,322,1077,287,251,96,421,520
220,Notre Dame,29,23,6,0.793,32.53,13.67,,13,5,,11,3,,11,2,,2320,1773,,1170,674,1769,0.381,149,541,0.275,276,401,0.688,330,1015,349,226,127,563,509
221,Oakland,29,12,17,0.414,-9.15,-2.22,,8,12,,8,8,,4,9,,2070,2114,,1190,754,1636,0.461,183,523,0.35,423,596,0.71,309,1094,436,191,80,582,566
222,Ohio,28,11,17,0.393,-10.7,-3.49,,8,9,,9,6,,2,11,,1797,1999,,1120,703,1661,0.423,207,675,0.307,386,530,0.728,389,1182,420,255,64,599,506
223,Ohio State,29,25,4,0.862,34.34,17.34,,16,2,,15,1,,8,2,,2333,1833,,1171,660,1617,0.408,157,528,0.297,356,481,0.74,297,1032,348,173,69,621,517
224,Oklahoma,29,21,8,0.724,24.33,15.78,,15,3,,13,2,,8,3,,2245,1997,,1162,729,1872,0.389,166,575,0.289,373,525,0.71,337,1088,333,225,96,482,513
225,Oklahoma State,29,14,15,0.483,17.77,15.08,,7,11,,10,5,,4,7,,2003,1925,,1160,712,1736,0.41,188,628,0.299,313,431,0.726,305,1057,382,200,79,431,480
226,Old Dominion,29,21,8,0.724,2.85,-0.83,,12,6,,12,4,,9,4,,1865,1740,,1160,589,1542,0.382,136,501,0.271,426,610,0.698,306,1093,307,250,135,605,544
227,Omaha,29,7,22,0.241,-13.46,-1.65,,3,13,,5,10,,2,12,,2128,2395,,1171,883,1833,0.482,227,650,0.349,402,559,0.719,348,1155,483,218,87,482,635
228,Oral Roberts,29,20,9,0.69,2.21,0.73,,11,5,,13,1,,7,8,,2380,2177,,1165,813,1838,0.442,202,625,0.323,349,494,0.706,347,1193,445,181,120,587,536
229,Oregon,32,11,21,0.344,10.07,17.57,,2,16,,8,8,,2,12,,1914,2154,,1281,850,2129,0.399,253,775,0.326,201,295,0.681,415,1254,572,244,107,330,481
230,Oregon State,30,24,6,0.8,28.28,15.78,,12,6,,16,2,,5,4,,2164,1789,,1220,680,1914,0.355,151,547,0.276,276,369,0.748,304,974,302,210,74,280,465
231,Pacific,29,16,13,0.552,1.92,2.6,,8,8,,11,5,,4,8,,2090,2046,,1160,728,1787,0.407,211,604,0.349,379,521,0.727,315,966,452,245,80,477,528
232,Penn State,30,19,11,0.633,25.62,12.19,,9,9,,12,4,,5,6,,2529,2126,,1205,765,1832,0.418,179,569,0.315,417,563,0.741,315,1005,434,248,86,559,518
233,Pennsylvania,26,15,11,0.577,-1.16,-0.36,,7,6,,8,4,,7,7,,1727,1645,,1045,620,1538,0.403,139,472,0.294,266,365,0.729,290,910,359,181,75,374,414
234,Pepperdine,30,5,25,0.167,-15.63,3.01,,1,15,,3,13,,2,11,,1627,2104,,1200,769,1800,0.427,195,578,0.337,371,517,0.718,376,1080,438,322,65,409,440
235,Pittsburgh,32,8,24,0.25,2.8,11.11,,2,16,,5,11,,2,9,,1945,2211,,1290,790,1923,0.411,260,744,0.349,371,497,0.746,359,1141,506,302,115,452,511
236,Portland,30,18,12,0.6,6.1,2.88,,9,6,,10,4,,8,6,,2036,1866,,1210,687,1744,0.394,136,461,0.295,356,501,0.711,382,1118,388,269,93,612,568
237,Portland State,30,8,22,0.267,-14.96,-2.03,,3,15,,6,9,,2,13,,1693,2034,,1200,773,1708,0.453,168,492,0.341,320,445,0.719,370,1103,515,245,68,400,402
238,Prairie View,27,11,16,0.407,-18.87,-6.49,,7,10,,7,7,,4,9,,1709,1834,,1085,618,1465,0.422,120,390,0.308,478,716,0.668,317,951,350,276,95,547,477
239,Presbyterian,32,18,14,0.563,-17.25,-12.59,,8,8,,11,4,,6,8,,1865,1901,,1280,718,1820,0.395,184,607,0.303,281,408,0.689,314,1075,376,311,89,477,479
240,Princeton,26,22,4,0.846,17.52,3.67,,12,1,,10,0,,11,3,,1816,1456,,1050,526,1331,0.395,148,397,0.373,256,367,0.698,236,777,278,144,61,460,400
241,Providence,31,12,19,0.387,5.11,8.01,,6,12,,8,8,,4,9,,1802,1892,,1245,706,1872,0.377,192,694,0.277,288,407,0.708,376,1037,379,296,107,416,516
242,Purdue,31,13,18,0.419,14.23,15.1,,5,13,,9,6,,3,9,,2126,2153,,1245,796,1854,0.429,207,594,0.348,354,465,0.761,322,1098,463,217,116,474,511
243,Purdue Fort Wayne,32,21,11,0.656,0.61,-3.86,,13,7,,11,3,,8,7,,2254,2003,,1285,733,1810,0.405,181,648,0.279,356,486,0.733,294,1154,407,227,119,561,535
244,Queens (NC),29,7,22,0.241,-22.4,-7.94,,1,15,,5,10,,2,12,,1798,2043,,1165,675,1628,0.415,183,602,0.304,510,719,0.709,352,1164,372,212,86,536,509
245,Quinnipiac,28,11,17,0.393,-13.31,-7.46,,8,11,,6,6,,5,10,,1664,1828,,1140,661,1657,0.399,183,597,0.307,323,449,0.719,318,1005,393,237,56,384,464
246,Radford,31,14,17,0.452,-15.67,-10.77,,9,7,,8,5,,5,10,,1799,1922,,1250,702,1748,0.402,179,587,0.305,339,466,0.727,346,1128,360,265,101,526,503
247,Rhode Island,32,19,13,0.594,8.93,0.84,,10,8,,10,5,,6,8,,2069,1810,,1280,675,1726,0.391,167,517,0.323,293,406,0.722,305,1037,368,204,87,533,506
248,Rice,29,15,14,0.517,6.68,2.85,,9,9,,9,6,,6,8,,1971,1860,,1170,667,1662,0.401,143,460,0.311,383,540,0.709,328,1070,357,206,99,491,513
249,Richmond,31,26,5,0.839,13.64,1.06,,16,2,,14,0,,9,4,,2282,1892,,1252,692,1877,0.369,217,707,0.307,291,406,0.717,375,1073,359,205,64,454,498
250,Rider,28,9,19,0.321,-19.81,-9.95,,6,13,,7,7,,2,12,,1532,1808,,1130,673,1709,0.394,174,598,0.291,288,410,0.702,368,1069,392,248,91,373,419
251,Robert Morris,30,6,24,0.2,-17.58,-3.58,,2,18,,5,9,,1,15,,1660,1991,,1215,677,1612,0.42,186,554,0.336,451,633,0.712,307,1127,384,211,76,488,415
252,Rutgers,32,8,24,0.25,4.03,11.19,,2,16,,7,11,,1,10,,2106,2335,,1280,842,1961,0.429,229,670,0.342,422,601,0.702,399,1135,543,260,107,449,568
253,Sacramento State,29,5,24,0.172,-12.31,-1.44,,4,14,,4,12,,1,12,,1622,1937,,1160,686,1663,0.413,220,655,0.336,345,472,0.731,366,1083,391,272,66,441,460
254,Sacred Heart,30,21,9,0.7,-7.98,-14.59,,15,1,,10,2,,10,5,,1980,1732,,1210,646,1615,0.4,137,484,0.283,303,429,0.706,319,1068,344,161,120,546,520
255,Saint Francis (PA),29,5,24,0.172,-31.66,-13.66,,4,12,,4,9,,1,15,,1496,2018,,1160,734,1711,0.429,169,518,0.326,381,500,0.762,361,1133,371,193,99,377,383
256,Saint Joseph's,30,26,4,0.867,11.73,-0.87,,15,3,,12,3,,14,1,,1998,1620,,1205,642,1681,0.382,152,502,0.303,184,287,0.641,307,951,277,189,85,440,492
257,Saint Louis,32,15,17,0.469,0.13,2.7,,8,9,,8,7,,5,8,,2349,2303,,1280,827,1887,0.438,211,650,0.325,438,611,0.717,370,1112,467,269,75,580,582
258,Saint Mary's (CA),30,13,17,0.433,-1.95,2.6,,6,10,,9,7,,4,10,,1830,1946,,1215,692,1676,0.413,226,689,0.328,336,455,0.738,378,1059,449,249,80,476,422
259,Saint Peter's,28,7,21,0.25,-22.34,-10.17,,4,15,,4,8,,3,13,,1408,1749,,1125,644,1551,0.415,187,575,0.325,274,404,0.678,307,961,421,305,87,496,460
260,Sam Houston,27,7,20,0.259,-12.67,-1.67,,2,13,,6,9,,1,11,,1787,1946,,1095,734,1618,0.454,154,458,0.336,324,471,0.688,329,1097,430,207,103,542,579
261,Samford,30,14,16,0.467,-10.29,-4.4,,6,8,,11,4,,3,10,,1742,1824,,1200,682,1737,0.393,159,535,0.297,301,420,0.717,328,1124,356,196,96,421,505
262,San Diego,30,9,21,0.3,-2.95,3.05,,4,12,,6,11,,2,10,,1881,2001,,1200,736,1740,0.423,167,492,0.339,362,506,0.715,357,1027,442,256,103,464,511
263,San Diego State,31,19,12,0.613,0.49,-0.34,,10,8,,12,4,,5,8,,2061,2010,,1260,739,1821,0.406,234,684,0.342,298,424,0.703,295,1119,422,213,92,485,505
264,San Francisco,29,14,15,0.483,1.23,2.15,,10,6,,8,6,,6,8,,1934,1938,,1165,718,1749,0.411,175,607,0.288,327,423,0.773,262,989,391,214,121,428,497
265,San Jose State,30,7,23,0.233,-10.33,-1.54,,2,16,,4,9,,3,13,,1819,1980,,1200,676,1642,0.412,245,665,0.368,383,481,0.796,303,963,402,287,90,486,422
266,Santa Clara,31,24,7,0.774,10.96,1.85,,12,4,,12,1,,11,5,,2197,1816,,1240,685,1721,0.398,158,545,0.29,288,424,0.679,308,991,401,234,77,470,488
267,Seattle,28,6,22,0.214,-14.34,-2.52,,6,13,,3,10,,3,12,,1787,2118,,1134,754,1720,0.438,207,667,0.31,403,563,0.716,367,1093,494,282,113,432,456
268,Seton Hall,29,16,13,0.552,14.13,8.71,,8,10,,11,5,,4,7,,1877,1720,,1175,629,1540,0.408,188,584,0.322,274,398,0.688,277,988,381,181,114,504,473
269,Siena,28,17,11,0.607,-5.13,-9.73,,14,6,,9,4,,8,7,,1903,1774,,1125,646,1627,0.397,177,547,0.324,305,448,0.681,352,1042,367,223,70,574,460
270,South Alabama,32,9,23,0.281,-14.86,-1.69,,2,16,,4,12,,5,9,,1942,2288,,1280,831,2013,0.413,176,609,0.289,450,639,0.704,445,1272,370,318,103,471,569
271,South Carolina,29,29,0,1,46.74,14.56,,16,0,,15,0,,12,0,,2522,1589,,1160,591,1883,0.314,151,584,0.259,256,383,0.668,369,990,285,194,90,469,493
272,South Carolina State,29,2,27,0.069,-29.48,-9.1,,1,13,,2,8,,0,18,,1407,1998,,1160,721,1782,0.405,216,652,0.331,340,484,0.702,451,1130,432,306,85,431,486
273,South Carolina Upstate,30,16,14,0.533,-16.56,-13.94,,10,6,,9,3,,5,10,,1778,1826,,1205,665,1715,0.388,185,620,0.298,311,467,0.666,347,1043,321,265,115,523,521
274,South Dakota,31,20,11,0.645,1.31,-1.3,,9,7,,11,4,,7,5,,2215,1987,,1254,746,1882,0.396,191,691,0.276,304,437,0.696,318,1017,390,221,102,421,537
275,South Dakota State,29,24,5,0.828,14.26,0.59,,16,0,,13,1,,11,4,,2165,1747,,1170,642,1729,0.371,162,608,0.266,301,431,0.698,288,909,332,212,101,382,523
276,South Florida,31,18,13,0.581,7.48,3.38,,10,8,,11,5,,5,5,,1995,1868,,1250,683,1787,0.382,174,529,0.329,328,491,0.668,344,1112,316,187,66,418,544
277,Southeast Missouri State,29,9,20,0.31,-13.51,-6.32,,6,12,,6,7,,3,13,,1800,1934,,1161,670,1580,0.424,180,544,0.331,414,606,0.683,300,1043,397,221,83,534,499
278,Southeastern Louisiana,29,18,11,0.621,-3.3,-4.64,,14,4,,11,4,,7,5,,1836,1682,,1190,568,1604,0.354,154,573,0.269,392,531,0.738,299,1117,306,195,97,492,493
279,Southern,28,14,14,0.5,-6.37,-2.19,,12,5,,8,3,,6,11,,1708,1765,,1130,607,1454,0.417,133,466,0.285,418,594,0.704,270,1009,381,202,82,580,529
280,Southern California,29,24,5,0.828,30.03,17.44,,13,5,,13,2,,7,3,,2161,1796,,1170,649,1664,0.39,157,502,0.313,341,453,0.753,289,991,383,183,73,462,532
281,Southern Illinois,29,10,19,0.345,-3.57,-0.81,,5,14,,6,10,,2,8,,1912,1992,,1175,715,1616,0.442,135,456,0.296,427,576,0.741,311,1088,394,200,119,570,514
282,SIU Edwardsville,31,5,26,0.161,-17.54,-6,,2,16,,5,9,,0,17,,2110,2388,,1240,856,1961,0.437,209,633,0.33,467,678,0.689,420,1232,530,265,103,434,558
283,Southern Indiana,28,22,6,0.786,-0.69,-7.19,,17,1,,14,2,,8,4,,2025,1759,,1125,610,1694,0.36,186,653,0.285,353,486,0.726,327,987,307,240,76,431,498
284,Southern Methodist,29,14,15,0.483,5.24,3.48,,8,10,,10,7,,4,6,,2033,1982,,1180,707,1754,0.403,178,575,0.31,390,522,0.747,347,1088,451,214,106,466,547
285,Southern Mississippi,30,18,12,0.6,2.26,-1.81,,10,8,,12,3,,5,8,,2017,1857,,1205,671,1778,0.377,184,636,0.289,331,480,0.69,357,1054,376,218,76,494,501
286,Southern Utah,28,7,21,0.25,-12.07,-2.84,,5,14,,4,10,,3,11,,1854,2089,,1135,777,1784,0.436,188,563,0.334,347,462,0.751,328,1036,428,265,90,318,461
287,St. Bonaventure,30,4,26,0.133,-13.26,-1.42,,1,17,,3,10,,1,15,,1640,1995,,1200,753,1721,0.438,210,602,0.349,279,401,0.696,317,1097,390,222,124,463,507
288,St. John's (NY),30,17,13,0.567,9.59,7.45,,11,7,,11,3,,6,7,,1799,1735,,1215,690,1628,0.424,136,440,0.309,219,291,0.753,296,977,385,165,109,472,483
289,St. Thomas,30,15,15,0.5,-7.53,-1.74,,7,9,,8,6,,7,7,,2046,2136,,1200,779,1748,0.446,217,596,0.364,361,486,0.743,295,984,437,234,113,491,510
290,Stanford,31,27,4,0.871,35.97,16.36,,15,3,,15,2,,9,2,,2429,1821,,1250,688,1954,0.352,190,649,0.293,255,344,0.741,326,959,330,181,75,354,488
291,Stephen F. Austin,30,20,10,0.667,0.02,-3.09,,14,5,,12,4,,8,5,,2301,2069,,1220,760,1885,0.403,183,592,0.309,366,526,0.696,361,1129,408,246,89,526,534
292,Stetson,30,17,13,0.567,-8.88,-6.2,,12,4,,10,4,,7,7,,1757,1773,,1205,603,1613,0.374,190,628,0.303,377,540,0.698,309,1066,316,205,96,495,557
293,Stonehill,29,4,25,0.138,-29.72,-13.06,,4,12,,3,12,,1,13,,1507,1990,,1160,775,1791,0.433,154,512,0.301,286,425,0.673,387,1150,392,317,97,408,468
294,Stony Brook,27,24,3,0.889,10.44,-7.9,,14,2,,13,1,,11,2,,2008,1513,,1090,575,1689,0.34,128,532,0.241,235,350,0.671,313,941,292,195,66,451,465
295,Syracuse,29,23,6,0.793,20.14,10.38,,13,5,,14,2,,7,4,,2166,1883,,1165,713,1781,0.4,156,536,0.291,301,412,0.731,371,1060,441,215,80,483,502
296,Tarleton State,28,9,19,0.321,-13.04,-5.63,,6,13,,5,8,,4,11,,1728,1860,,1120,648,1618,0.4,191,619,0.309,373,515,0.724,289,1038,372,179,85,404,466
297,TCU,29,19,10,0.655,19.2,9.99,,6,10,,15,4,,2,6,,2045,1749,,1160,640,1759,0.364,162,596,0.272,307,428,0.717,336,979,367,207,57,356,445
298,Temple,30,19,11,0.633,9.16,1.69,,13,5,,10,6,,8,4,,2105,1881,,1212,653,1666,0.392,139,479,0.29,436,595,0.733,353,1136,372,176,106,571,486
299,Tennessee,29,18,11,0.621,23.14,17.14,,10,6,,11,4,,5,5,,2198,2024,,1165,788,2016,0.391,188,569,0.33,260,371,0.701,382,1088,400,237,95,350,539
300,Tennessee State,30,11,19,0.367,-14.59,-7.63,,7,11,,8,5,,1,12,,1862,2044,,1230,707,1679,0.421,183,570,0.321,447,596,0.75,369,1164,410,258,93,652,558
301,Tennessee Tech,31,16,15,0.516,-6.18,-6.39,,10,8,,8,6,,6,7,,2168,2074,,1249,745,1667,0.447,172,478,0.36,412,575,0.717,292,1030,412,237,78,571,566
302,Tennessee-Martin,30,15,15,0.5,-4.95,-5.71,,11,7,,6,8,,8,7,,1934,1884,,1205,690,1728,0.399,213,665,0.32,291,396,0.735,338,995,447,253,123,448,474
303,Texas,31,27,4,0.871,37.37,13.21,,14,4,,15,2,,9,2,,2544,1795,,1240,652,1704,0.383,169,549,0.308,322,477,0.675,313,926,351,213,72,629,651
304,Texas A&M,30,19,11,0.633,21.14,10.41,,6,10,,12,5,,5,6,,2061,1739,,1200,621,1694,0.367,143,492,0.291,354,495,0.715,283,1040,355,188,98,474,496
305,Texas A&M-Commerce,28,13,15,0.464,-12.63,-5.63,,8,10,,9,5,,4,10,,1948,2051,,1125,765,1910,0.401,162,539,0.301,359,510,0.704,393,1297,390,196,107,409,441
306,Texas A&M-Corpus Christi,29,21,8,0.724,-2.53,-8.29,,14,4,,14,3,,7,5,,1956,1647,,1171,594,1693,0.351,145,569,0.255,314,454,0.692,343,1085,336,231,72,543,575
307,Texas Southern,28,6,22,0.214,-21.56,-5.63,,5,12,,4,9,,2,13,,1638,2026,,1120,737,1807,0.408,137,470,0.291,415,570,0.728,412,1173,373,302,108,449,469
308,Texas State,32,14,18,0.438,-4.71,-3.55,,4,14,,6,9,,6,8,,2076,2031,,1285,732,1752,0.418,146,535,0.273,421,593,0.71,374,1110,362,283,115,598,614
309,Texas Tech,32,17,15,0.531,13.56,11.13,,5,13,,13,5,,1,8,,2081,2003,,1279,739,1757,0.421,177,586,0.302,348,502,0.693,347,1094,387,248,118,581,607
310,Texas-Rio Grande Valley,28,6,22,0.214,-13.94,-2.58,,5,14,,3,11,,3,11,,1675,1993,,1125,731,1703,0.429,200,586,0.341,331,448,0.739,323,1179,425,220,87,418,576
311,Toledo,28,24,4,0.857,11.7,-1.26,,16,1,,12,1,,10,3,,2034,1642,,1120,598,1559,0.384,155,517,0.3,291,408,0.713,260,948,305,178,53,461,534
312,Towson,28,18,10,0.643,-3.32,-4.28,,10,7,,9,4,,7,6,,1857,1830,,1140,673,1676,0.402,142,469,0.303,342,490,0.698,312,1121,315,166,87,444,444
313,Troy,29,19,10,0.655,5.36,0.29,,15,3,,9,4,,8,6,,2345,2198,,1170,803,1979,0.406,212,670,0.316,380,539,0.705,356,1175,404,213,78,488,475
314,Tulane,29,10,19,0.345,0.56,2.39,,3,15,,8,8,,2,9,,1855,1908,,1170,706,1711,0.413,215,624,0.345,281,384,0.732,331,985,416,241,78,402,468
315,Tulsa,31,23,8,0.742,6.46,2.59,,13,5,,13,1,,6,6,,2195,2075,,1245,758,2025,0.374,174,595,0.292,385,524,0.735,418,1253,328,223,67,442,573
316,UAB,30,18,12,0.6,0.63,-2.02,,9,9,,11,5,,6,6,,2172,2084,,1210,820,1923,0.426,150,498,0.301,294,443,0.664,383,1157,371,211,83,422,495
317,UC Davis,29,16,13,0.552,-3.46,-1.38,,12,7,,11,2,,5,11,,1809,1776,,1165,636,1669,0.381,182,524,0.347,322,449,0.717,285,1031,325,248,54,417,417
318,UC Irvine,28,20,8,0.714,2.85,-4.68,,14,4,,9,2,,10,5,,1768,1557,,1130,553,1412,0.392,161,499,0.323,290,418,0.694,252,911,322,178,63,541,507
319,UC Riverside,29,17,12,0.586,-3.84,-2.5,,12,7,,10,3,,7,9,,1683,1664,,1164,619,1499,0.413,157,521,0.301,269,385,0.699,291,1089,374,206,116,586,434
320,UC San Diego,30,12,18,0.4,-5.64,-2.35,,8,11,,7,9,,5,8,,1759,1741,,1220,617,1661,0.371,187,645,0.29,320,429,0.746,295,1052,345,279,90,469,544
321,UC Santa Barbara,29,16,13,0.552,-4.15,-4.01,,10,9,,11,4,,4,8,,1891,1800,,1170,684,1728,0.396,151,516,0.293,281,384,0.732,303,986,337,201,90,373,458
322,UCF,29,12,17,0.414,11.65,12.94,,3,15,,8,8,,1,8,,1860,1873,,1165,678,1647,0.412,155,514,0.302,362,514,0.704,290,943,337,242,99,464,529
323,UCLA,30,25,5,0.833,36.02,18.15,,13,5,,14,1,,7,4,,2339,1803,,1206,620,1688,0.367,183,556,0.329,380,504,0.754,244,862,325,210,89,461,502
324,UNC Asheville,31,11,20,0.355,-19.75,-15.48,,4,12,,7,7,,3,11,,1845,1876,,1255,680,1766,0.385,160,548,0.292,356,551,0.646,349,1137,307,221,76,499,532
325,UNC Greensboro,30,20,10,0.667,-6.22,-8.37,,8,6,,15,1,,4,9,,1910,1666,,1200,610,1624,0.376,117,415,0.282,329,463,0.711,326,1025,301,158,62,454,461
326,UNC Wilmington,28,5,23,0.179,-26.06,-5.1,,3,14,,3,11,,2,12,,1522,2052,,1125,814,1861,0.437,180,566,0.318,244,352,0.693,419,1222,475,283,124,454,463
327,UT Arlington,30,15,15,0.5,-4.67,-2.3,,11,9,,7,6,,7,8,,2100,2171,,1200,759,1866,0.407,217,634,0.342,436,615,0.709,399,1194,486,231,85,478,531
328,Utah,32,22,10,0.688,30.16,16.16,,11,7,,12,3,,8,5,,2496,1976,,1290,767,1851,0.414,184,556,0.331,258,365,0.707,262,976,428,238,122,496,512
329,Utah State,29,5,24,0.172,-19.34,-0.56,,2,16,,2,13,,3,11,,1637,2134,,1160,781,1808,0.432,239,715,0.334,333,476,0.7,384,1131,501,268,100,379,486
330,Utah Tech,30,17,13,0.567,-4.49,-5.59,,11,8,,10,5,,7,8,,2217,2054,,1200,768,2035,0.377,255,845,0.302,263,389,0.676,392,1211,460,202,79,367,392
331,Utah Valley,28,10,18,0.357,-12.03,-5.85,,5,14,,8,5,,2,13,,1685,1818,,1140,611,1537,0.398,189,624,0.303,407,547,0.744,334,1097,417,238,126,559,469
332,UTEP,29,11,18,0.379,-5.54,0.02,,6,10,,10,5,,1,9,,1949,2074,,1170,735,1694,0.434,240,690,0.348,364,504,0.722,301,1007,448,202,87,453,553
333,UTSA,29,16,13,0.552,3.21,2.01,,10,8,,9,4,,7,9,,1876,1841,,1185,628,1741,0.361,182,620,0.294,403,598,0.674,349,1045,347,229,104,406,488
334,Valparaiso,28,5,23,0.179,-14.16,-2.84,,4,15,,2,9,,3,13,,1710,2027,,1125,693,1510,0.459,155,461,0.336,486,642,0.757,288,1059,389,224,66,485,469
335,Vanderbilt,31,22,9,0.71,16.99,10.02,,9,7,,12,5,,8,3,,2125,1909,,1240,708,1765,0.401,182,628,0.29,311,442,0.704,344,1099,373,219,91,548,519
336,Vermont,30,20,10,0.667,-0.1,-7.2,,12,4,,13,2,,7,5,,1792,1570,,1200,592,1563,0.379,116,410,0.283,270,393,0.687,292,951,252,178,81,390,369
337,Villanova,29,18,11,0.621,16.75,11.51,,11,7,,10,4,,8,7,,1891,1739,,1170,655,1624,0.403,149,455,0.327,280,378,0.741,329,1060,357,156,101,443,433
338,Virginia,30,15,15,0.5,16.72,13.29,,7,11,,9,8,,5,5,,2183,2080,,1205,734,1842,0.398,194,640,0.303,418,577,0.724,341,1135,441,217,110,457,504
339,Virginia Commonwealth,30,26,4,0.867,9.79,-0.62,,15,3,,14,1,,8,3,,1902,1561,,1200,579,1628,0.356,134,571,0.235,269,380,0.708,275,896,279,195,79,441,510
340,Virginia Tech,29,23,6,0.793,27.35,12.66,,14,4,,15,0,,6,5,,2210,1784,,1165,646,1725,0.374,142,490,0.29,350,469,0.746,291,941,259,183,66,338,470
341,Wagner,28,7,21,0.25,-29.4,-16,,4,12,,5,7,,2,12,,1548,1877,,1132,664,1582,0.42,191,584,0.327,358,523,0.685,368,1077,418,268,73,536,479
342,Wake Forest,32,7,25,0.219,6.47,14.53,,2,16,,3,13,,2,10,,1904,2162,,1280,782,1781,0.439,194,567,0.342,404,544,0.743,342,1163,408,227,103,487,482
343,Washington,30,16,14,0.533,20.31,14.71,,6,12,,10,6,,4,7,,1934,1766,,1230,670,1716,0.39,155,527,0.294,271,392,0.691,304,1014,335,176,88,422,426
344,Washington State,32,18,14,0.563,23.61,16.18,,7,11,,9,6,,7,6,,2227,1989,,1290,751,1921,0.391,182,537,0.339,305,413,0.738,366,1140,383,189,66,438,466
345,Weber State,31,7,24,0.226,-11.56,-0.66,,4,14,,4,8,,3,15,,1762,2075,,1240,758,1770,0.428,233,657,0.355,326,426,0.765,295,1097,439,249,116,418,467
346,West Virginia,29,23,6,0.793,28.38,10.76,,12,6,,14,2,,6,4,,2182,1671,,1165,600,1516,0.396,140,472,0.297,331,469,0.706,296,988,314,204,82,699,542
347,Western Carolina,30,6,24,0.2,-22.64,-7.12,,1,13,,4,12,,2,11,,1705,1992,,1200,716,1791,0.4,188,588,0.32,372,539,0.69,412,1124,323,254,81,402,441
348,Western Illinois,30,18,12,0.6,-8.8,-10.45,,9,9,,13,4,,5,7,,2230,1995,,1220,712,1836,0.388,191,657,0.291,380,556,0.683,315,1076,370,262,69,469,637
349,Western Kentucky,30,15,15,0.5,-0.82,-0.13,,6,9,,9,4,,4,9,,1924,1886,,1205,645,1647,0.392,195,664,0.294,401,565,0.71,382,1182,391,234,85,595,499
350,Western Michigan,28,12,16,0.429,-8.46,-4.57,,7,10,,7,6,,4,9,,1741,1833,,1125,663,1517,0.437,154,503,0.306,353,489,0.722,312,1024,365,222,93,519,468
351,Wichita State,30,9,21,0.3,-4.21,2.26,,5,13,,6,10,,2,10,,1923,2117,,1210,794,1848,0.43,182,636,0.286,347,524,0.662,372,1205,457,231,102,496,550
352,William & Mary,27,15,12,0.556,-3.51,-4.59,,11,5,,6,6,,8,6,,1712,1683,,1085,603,1594,0.378,138,477,0.289,339,473,0.717,339,1066,292,220,76,498,458
353,Winthrop,30,14,16,0.467,-19.06,-12.5,,8,8,,8,6,,5,8,,1703,1807,,1220,657,1634,0.402,175,594,0.295,318,458,0.694,313,1033,342,239,66,560,501
354,Wisconsin,29,13,16,0.448,7.46,14.01,,6,12,,8,7,,4,7,,1794,1984,,1159,715,1761,0.406,211,613,0.344,343,479,0.716,354,1053,425,271,75,426,482
355,Wofford,29,17,12,0.586,-3.78,-6.06,,8,6,,13,2,,3,10,,1937,1762,,1160,659,1754,0.376,184,726,0.253,260,396,0.657,326,1140,357,155,76,436,460
356,Wright State,32,18,14,0.563,-3.5,-1.9,,11,9,,11,5,,6,8,,2266,2253,,1300,833,1918,0.434,182,550,0.331,405,587,0.69,354,1222,421,245,91,482,522
357,Wyoming,29,16,13,0.552,5.02,3.02,,11,7,,10,4,,5,8,,1832,1730,,1164,649,1597,0.406,157,508,0.309,275,362,0.76,235,894,301,211,71,341,427
358,Xavier,27,1,26,0.037,-13.14,8.79,,0,18,,1,12,,0,13,,1380,1972,,1085,719,1590,0.452,197,579,0.34,337,440,0.766,350,1056,499,263,120,412,387
359,Yale,26,8,18,0.308,-7.85,-0.58,,5,8,,5,8,,3,10,,1581,1770,,1045,641,1431,0.448,122,391,0.312,366,492,0.744,269,892,322,180,75,376,436
360,Youngstown State,32,14,18,0.438,-7.53,-3.89,,9,11,,9,7,,5,9,,1938,2005,,1280,714,1832,0.39,190,659,0.288,387,524,0.739,354,1138,405,261,95,471,494
,,,,,,,,,,,,,,,,,,,,,,,,,,,,,,,,,,,,,