Rk,School,G,W,L,W-L%,SRS,SOS,,W,L,,W,L,,W,L,,Tm.,Opp.,,Pace,ORtg,FTr,3PAr,TS%,TRB%,AST%,STL%,BLK%,eFG%,TOV%,ORB%,FT/FGA
1,Abilene Christian,30,17,13,0.567,-5.04,-5.97,,9,9,,12,6,,5,7,,2216,1820,,66.1,111.8,0.296,0.457,0.548,53.7,63.1,11.6,6,0.513,16.9,36,0.224
2,Air Force,33,19,14,0.576,2.69,0.31,,11,7,,11,4,,8,10,,2033,1777,,65.9,92.7,0.227,0.279,0.453,50.6,55.1,16.6,6,0.419,15.1,31.1,0.166
3,Akron,29,17,12,0.586,0.5,1.75,,13,7,,9,4,,8,8,,1947,1885,,70.6,95.1,0.29,0.323,0.509,50.5,58.2,10.3,9.2,0.477,18.1,28.6,0.203
4,Alabama,34,20,14,0.588,14.87,9.6,,6,10,,13,6,,7,8,,2431,2252,,72.6,97.4,0.333,0.392,0.523,48.7,45.8,12.2,6.7,0.486,17.3,29.1,0.239
5,Alabama A&M,29,15,14,0.517,-13.64,-10.53,,13,5,,7,4,,8,10,,1730,1820,,70.7,83.6,0.322,0.215,0.449,51.3,52.5,9,10.6,0.405,18.7,32.3,0.225
6,Alabama State,30,15,15,0.5,-14.43,-7.63,,11,6,,11,2,,4,13,,1910,2030,,75,84.6,0.344,0.251,0.466,50.6,60.3,9.3,9.7,0.424,21.9,33.7,0.236
7,Albany (NY) NCAA,33,23,10,0.697,-4.16,-10.28,,13,5,,16,1,,7,9,,1885,1601,,62.2,91.9,0.245,0.339,0.491,56.6,59.6,13.2,9.9,0.467,20.9,38,0.164
8,Alcorn State,25,3,22,0.12,-30.1,-8.64,,2,14,,1,10,,2,12,,1298,1736,,70,73.8,0.264,0.367,0.422,41.6,53.5,9.7,4.5,0.389,22.9,23.7,0.172
9,American NCAA,32,23,9,0.719,-2.83,-5.61,,13,5,,16,1,,7,8,,1900,1811,,67.7,87,0.273,0.284,0.489,47.3,62.8,12.2,6.2,0.455,19.7,23.8,0.195
10,Appalachian State,26,14,12,0.538,-6.5,-4.63,,8,4,,9,5,,5,7,,1785,1674,,74.7,90.2,0.294,0.455,0.493,48.9,51.2,12.3,5.7,0.469,21.1,27.5,0.187
11,Arizona NCAA,29,21,8,0.724,23.04,13.21,,10,6,,16,3,,5,5,,1949,1664,,68,97.6,0.278,0.321,0.513,49.6,56.6,15,10.9,0.484,15.5,28,0.195
12,Arizona State,26,12,14,0.462,16.21,12.82,,4,8,,11,5,,1,9,,1645,1497,,66.6,94.1,0.284,0.353,0.481,52.9,57.4,10.8,10.6,0.441,17.4,33.8,0.211
13,Arkansas NCAA,32,18,14,0.563,20.22,13.16,,7,9,,14,5,,4,9,,2355,2129,,74.3,98.3,0.315,0.397,0.502,46.7,48,9.9,11.4,0.471,12.8,24.2,0.211
14,Arkansas State,28,12,16,0.429,-5.99,-6.03,,5,9,,8,7,,4,9,,2173,1824,,71.3,108.8,0.311,0.34,0.514,54.4,52.2,12.9,5.8,0.478,16.1,36.3,0.224
15,Arkansas-Pine Bluff,29,13,16,0.448,-11.99,-10.24,,9,9,,6,5,,7,11,,1988,1876,,73.6,93.1,0.344,0.305,0.474,51.6,57.4,10.8,7.4,0.431,17.5,33.3,0.24
16,Army,29,16,13,0.552,-9.02,-7.24,,10,8,,10,4,,6,9,,1841,1813,,69.7,89.9,0.242,0.381,0.461,55.3,48.4,9.4,5.9,0.432,19.3,36.9,0.164
17,Auburn,28,10,18,0.357,8.11,10.29,,2,14,,8,7,,2,11,,1784,1845,,72.6,87.3,0.34,0.23,0.458,48.4,48.5,11.6,8.1,0.419,16.9,30.7,0.225
18,Austin Peay,33,20,13,0.606,-1.8,-5.89,,11,7,,13,4,,7,9,,2182,1903,,65,101,0.332,0.328,0.543,55,56.2,11.2,6.4,0.517,19.6,31.6,0.223
19,Ball State,33,20,13,0.606,4.55,1.25,,11,8,,10,7,,10,6,,2356,2247,,72.6,97.6,0.239,0.444,0.526,48.6,60,10.6,8.4,0.503,15.9,23.5,0.167
20,Baylor NCAA,35,28,7,0.8,28.19,11.87,,15,3,,18,3,,10,4,,2677,2106,,72.7,104.8,0.313,0.317,0.545,54.4,63,9,9.6,0.513,15.1,30.7,0.228
21,Bellarmine,28,4,24,0.143,-20.51,-3.78,,1,15,,4,9,,0,15,,1702,1950,,71.6,84.8,0.234,0.357,0.468,45.3,53.8,9.5,7.3,0.436,21.4,24.9,0.168
22,Belmont NCAA,31,23,8,0.742,13.06,-0.01,,16,2,,12,2,,11,6,,2155,1750,,67.8,101.7,0.242,0.443,0.526,50.4,60.5,13,10.2,0.503,15.5,30.8,0.167
23,Bethune-Cookman,27,6,21,0.222,-22.56,-9.28,,4,13,,3,8,,3,13,,1619,1808,,73.6,81.1,0.337,0.227,0.447,47.6,45,11.6,6.1,0.412,22.2,29.4,0.215
24,Binghamton,29,9,20,0.31,-13.19,-10.27,,5,13,,7,9,,2,11,,1668,1581,,66.6,86,0.217,0.308,0.468,49.3,56.4,10.1,7.8,0.437,20.1,25,0.158
25,Boise State,29,8,21,0.276,-6.02,0.5,,4,13,,7,8,,1,13,,1800,1803,,69,89.6,0.29,0.255,0.459,55.5,58.3,8.1,10.1,0.429,18.7,34,0.186
26,Boston College,33,21,12,0.636,15.89,9.35,,10,8,,15,4,,6,8,,2378,2162,,75.1,95.6,0.29,0.296,0.525,53.3,57.7,11.1,8.7,0.498,20.6,35.7,0.199
27,Boston University,31,17,14,0.548,-1.78,-4.62,,12,6,,11,4,,6,10,,1937,1849,,68.6,91.1,0.222,0.321,0.498,53.9,50.6,8.7,10.6,0.477,19.6,31.2,0.147
28,Bowling Green State,33,17,16,0.515,3.55,1.14,,10,10,,12,7,,5,9,,2403,2226,,72.8,99.6,0.283,0.364,0.544,49.8,58.2,12.7,4.7,0.516,18.1,23.3,0.202
29,Bradley,28,4,24,0.143,-8.18,3.9,,1,17,,4,9,,0,15,,1648,1808,,66.7,88.3,0.271,0.396,0.462,47.7,56.3,7.5,10.5,0.429,17.4,26.2,0.185
30,Brigham Young NCAA,30,26,4,0.867,24.81,6.01,,15,1,,16,2,,10,2,,2314,1639,,69.4,110.6,0.22,0.341,0.547,55.2,66.6,14.2,13.7,0.521,15.1,35.6,0.166
31,Brown,26,6,20,0.231,-18.67,-5.23,,1,13,,2,10,,4,10,,1473,1719,,71,79.8,0.215,0.39,0.449,43.2,51,13.6,7.6,0.422,20.4,21.9,0.146
32,Bryant,32,10,22,0.313,-20.6,-11.05,,6,12,,6,9,,4,13,,1807,1986,,68.7,82.2,0.245,0.265,0.465,52.1,62.9,9.6,7.1,0.432,23.2,31.5,0.174
33,Bucknell,34,24,10,0.706,2.52,-5.16,,12,6,,13,3,,11,7,,2129,1868,,68.1,91.2,0.268,0.279,0.495,49.5,56.1,10.3,7.7,0.463,15.6,21.6,0.189
34,Buffalo NCAA,34,25,9,0.735,12.12,2.94,,16,4,,17,1,,8,8,,2577,2265,,75.6,99.6,0.279,0.269,0.506,52.5,52.7,12.6,9.2,0.472,15.4,35.6,0.203
35,Butler,28,1,27,0.036,-16.65,5.68,,0,18,,1,16,,0,11,,1556,2181,,69.8,78.2,0.217,0.398,0.467,46.8,54.3,6.9,5,0.441,24.1,25.4,0.148
36,Cal Poly,25,3,22,0.12,-13.83,-0.67,,2,13,,2,13,,1,9,,1431,1760,,72.7,77.6,0.233,0.249,0.425,48.6,55.3,8.1,5.6,0.395,18.4,26.1,0.155
37,Cal State Bakersfield,25,5,20,0.2,-9.42,-1.05,,3,11,,4,9,,1,11,,1530,1620,,66.4,91.2,0.282,0.335,0.471,49.8,50.2,10.7,7.2,0.427,17.4,30,0.214
38,Cal State Fullerton,29,11,18,0.379,-5.94,-1.6,,5,12,,9,6,,2,12,,1749,1875,,69.7,86.1,0.309,0.289,0.477,48.8,55.8,10.7,7.7,0.44,19.4,27.6,0.213
39,Cal State Northridge,28,9,19,0.321,-7.94,1.44,,5,12,,5,8,,4,11,,1603,1602,,64.4,87.3,0.283,0.297,0.463,47.9,52,15.8,6.8,0.428,19.6,27,0.193
40,California,24,11,13,0.458,9.98,9.8,,1,10,,8,6,,3,7,,1643,1481,,69.7,97.7,0.306,0.29,0.497,53.3,55.6,12.1,11.6,0.449,17.4,34.4,0.24
41,California Baptist,32,23,9,0.719,1.61,-4.77,,13,5,,11,4,,12,5,,2419,2139,,77.1,96.9,0.239,0.446,0.534,47.8,67.6,12.1,9.8,0.513,17.1,19.1,0.163
42,Campbell,31,23,8,0.742,-8.38,-13.27,,15,3,,14,4,,9,4,,1982,1544,,63.6,99.6,0.269,0.413,0.514,53.6,65.7,13.1,10.2,0.488,19.5,32.6,0.182
43,Canisius,31,6,25,0.194,-18.25,-7.51,,3,17,,5,9,,1,16,,1793,2126,,69.8,82.2,0.231,0.45,0.466,45.2,49.1,9.1,7.5,0.441,21.3,26.7,0.152
44,Central Arkansas,28,9,19,0.321,-16.85,-4.37,,4,12,,7,7,,2,12,,1509,1606,,64.1,83.4,0.304,0.155,0.438,54.9,50.6,10.1,6.6,0.396,21.6,34.7,0.211
45,Central Connecticut State,26,6,20,0.231,-21.17,-11.79,,4,12,,3,8,,3,12,,1516,1760,,70.7,82.5,0.211,0.37,0.448,45.7,47.4,8.8,9.2,0.422,19,27.7,0.143
46,Central Michigan,29,4,25,0.138,-10.17,2.25,,2,18,,2,12,,2,13,,1716,2076,,71.5,82.8,0.221,0.423,0.457,47.5,52.2,8.2,5.3,0.427,19.3,26,0.157
47,Charleston Southern,29,2,27,0.069,-32.22,-9.65,,2,15,,1,14,,1,13,,1435,2019,,71.3,69.4,0.22,0.355,0.421,45.5,56.1,9.3,8.5,0.398,25.7,22.8,0.134
48,Charlotte NCAA,32,22,10,0.688,6.7,2.45,,15,3,,13,4,,9,6,,2023,1887,,69,89.6,0.324,0.297,0.478,49.9,51.5,9.3,11,0.435,17.4,28.3,0.233
49,Chattanooga,30,7,23,0.233,-14.56,-6.06,,5,9,,3,11,,4,12,,1808,2063,,70.6,84,0.283,0.367,0.475,45.7,55.6,8.1,6.5,0.438,19.9,22.6,0.202
50,Chicago State,27,4,23,0.148,-16.16,-3.94,,3,15,,2,11,,2,12,,1526,1856,,72.6,77.1,0.31,0.256,0.427,48.6,40.4,11.2,8.6,0.39,21,30.8,0.199
51,Cincinnati,28,11,17,0.393,-2.26,4.17,,4,11,,9,7,,2,10,,1674,1854,,73,81.2,0.296,0.282,0.459,45.9,66.8,11.1,11.3,0.416,20.5,26.5,0.214
52,Clemson,31,10,21,0.323,6.53,12.82,,3,15,,7,11,,3,10,,1997,2192,,73,87.5,0.282,0.278,0.466,50.1,44.2,12.2,8.9,0.429,18.6,34,0.2
53,Cleveland State,30,21,9,0.7,1.55,-5.49,,12,6,,12,4,,9,5,,2099,1705,,70.5,98.9,0.381,0.342,0.502,55.3,48,13.4,10.7,0.457,18.1,36.1,0.272
54,Coastal Carolina,26,15,11,0.577,-6.43,-8.78,,4,9,,11,4,,4,7,,1881,1520,,71.9,100.6,0.329,0.274,0.501,59.7,50.9,11.5,8.8,0.465,20.2,44.6,0.228
55,Colgate,30,6,24,0.2,-16.83,-7.63,,4,14,,3,11,,3,13,,1617,1893,,67.1,80.3,0.194,0.308,0.456,46.2,51.9,8.4,6.3,0.425,20.8,25.7,0.146
56,College of Charleston,31,18,13,0.581,-2.62,-7.24,,9,9,,9,7,,9,6,,2322,1973,,73.7,100.7,0.233,0.359,0.486,48.2,52,15.4,9.6,0.452,14.3,32.5,0.175
57,Colorado NCAA,31,22,9,0.71,20.5,12.57,,9,7,,14,4,,8,5,,2035,1789,,68.5,93.9,0.303,0.33,0.495,51.5,58.9,15.3,10.5,0.463,16.9,31,0.208
58,Colorado State,33,21,12,0.636,4.2,-0.44,,9,9,,13,5,,8,7,,2277,1992,,68.4,100.5,0.232,0.36,0.513,49.1,57,7.1,7.7,0.48,11.9,18,0.179
59,Columbia,32,25,7,0.781,4.7,-1.96,,12,2,,13,5,,12,2,,2196,1983,,73.5,92.6,0.298,0.408,0.498,54.1,65.6,10,9.3,0.475,19.8,33.5,0.187
60,Connecticut NCAA,36,30,6,0.833,32.74,13.88,,16,1,,20,3,,10,3,,2656,1977,,70.2,104.4,0.224,0.337,0.553,55.4,62,12.6,12.2,0.534,16.7,32,0.154
61,Coppin State,28,15,13,0.536,-11.66,-11.2,,9,5,,8,4,,7,9,,1760,1773,,75,83.8,0.35,0.343,0.453,47.7,50.7,10,7.6,0.405,17.3,24.7,0.246
62,Cornell,25,9,16,0.36,-14.43,-4.81,,4,10,,5,7,,4,9,,1333,1482,,67.2,78.9,0.291,0.299,0.426,51,65.2,10.9,11.1,0.392,21.9,35,0.184
63,Creighton NCAA,33,23,10,0.697,20.18,10.48,,15,5,,12,4,,11,6,,2444,2124,,69.2,106.2,0.197,0.452,0.556,52.5,73.3,10,6.8,0.537,15.7,29.2,0.143
64,Dartmouth,26,3,23,0.115,-21.31,-3.27,,2,12,,1,10,,2,13,,1222,1691,,67.8,69,0.183,0.376,0.392,45.8,52.2,9.4,6.1,0.368,22.5,27.7,0.116
65,Davidson,33,18,15,0.545,2.57,0.69,,6,10,,8,7,,10,8,,2097,2035,,67.7,93.4,0.226,0.356,0.507,49.3,50.3,8.9,6.9,0.475,18.6,30.1,0.172
66,Dayton NCAA,32,26,6,0.813,14.24,3.68,,14,1,,15,3,,11,3,,2107,1769,,69.9,93.9,0.285,0.294,0.483,54.4,54.5,8.1,10.7,0.452,15.1,30.2,0.194
67,Delaware NCAA,32,24,8,0.75,4.23,-2.86,,15,3,,12,2,,12,6,,2303,1996,,72.9,98.3,0.287,0.241,0.466,56.1,45.3,10.5,8.4,0.427,14.6,40.6,0.206
68,Delaware State,24,0,24,0,-39.99,-10.7,,0,14,,0,10,,0,14,,1122,1825,,69.7,66.7,0.308,0.258,0.409,42.7,47.4,6.2,3.1,0.371,25.7,24.1,0.196
69,Denver,30,10,20,0.333,-9.35,0.33,,5,13,,6,9,,4,11,,1935,2047,,68,92.5,0.291,0.43,0.493,48.5,55.3,8.8,12.4,0.45,17.9,25.2,0.223
70,DePaul NCAA,33,22,11,0.667,15.67,6.91,,14,6,,13,6,,9,5,,2882,2593,,81.3,106.2,0.202,0.331,0.529,50.8,54.6,11.9,7.6,0.503,14,34.9,0.154
71,Detroit Mercy,28,1,27,0.036,-17.89,-4.54,,1,19,,0,14,,1,13,,1560,1934,,72.9,76.1,0.277,0.221,0.437,47.9,51.5,12.2,6.4,0.405,23.3,28.1,0.181
72,Drake,34,20,14,0.588,9.47,5.29,,9,9,,13,6,,7,8,,2497,2258,,73.7,98.9,0.277,0.408,0.543,54.9,69.7,9.8,11.3,0.513,20.4,30.9,0.203
73,Drexel,34,28,6,0.824,4.71,-4.29,,16,2,,17,4,,11,2,,2219,1913,,65.4,98.8,0.212,0.283,0.499,50.2,64.7,11,7.9,0.466,13.6,31.2,0.165
74,Duke,30,17,13,0.567,15.29,12.42,,7,11,,10,7,,7,6,,1951,1865,,71.2,91.3,0.244,0.362,0.49,51.9,56.5,9.4,9,0.466,19.5,33.3,0.161
75,Duquesne,29,11,18,0.379,0.18,0.9,,6,10,,8,7,,3,11,,1851,1872,,69.6,91.3,0.254,0.398,0.493,48.8,63.8,10.7,7.5,0.465,17.2,26.2,0.175
76,East Carolina,29,11,18,0.379,0.93,0.17,,4,11,,9,5,,2,13,,1746,1724,,73.9,81.1,0.301,0.245,0.425,50,56.7,14.5,13.6,0.394,18.7,35.3,0.183
77,East Tennessee State,28,6,22,0.214,-19.22,-6.54,,5,9,,4,8,,2,14,,1550,1905,,70.6,78.4,0.208,0.39,0.434,43.7,52.5,10.8,7.6,0.406,18.2,21.4,0.14
78,Eastern Illinois,30,16,14,0.533,-2.98,-2.91,,11,7,,8,7,,8,7,,2038,1875,,69.2,96.5,0.271,0.296,0.502,50.6,62.5,15.6,4.7,0.464,18.3,31,0.205
79,Eastern Kentucky,31,15,16,0.484,-9.83,-6.38,,7,9,,10,5,,5,11,,2077,1841,,69,95.2,0.341,0.277,0.475,55,52.3,13.2,13.8,0.426,19.8,37.6,0.252
80,Eastern Michigan,27,7,20,0.259,-7.28,1.18,,4,16,,5,8,,2,12,,1804,1891,,73.3,91.2,0.279,0.309,0.47,49.6,39.9,11.9,8.4,0.437,16.4,27.9,0.192
81,Eastern Washington,30,9,21,0.3,-10.28,-2.81,,7,13,,6,10,,3,11,,1830,1836,,70.6,86.4,0.242,0.369,0.444,48.3,55.3,12.5,6.3,0.41,16.6,25.6,0.17
82,Elon,29,17,12,0.586,-2.74,-2.81,,9,9,,10,5,,7,7,,1808,1806,,69.4,89.4,0.285,0.347,0.491,48.7,56.4,10.4,8.3,0.452,19.8,31.8,0.212
83,Evansville,30,8,22,0.267,-11.3,-0.06,,2,16,,6,8,,2,14,,1982,2208,,74.2,87.5,0.346,0.335,0.473,45,49.1,10.6,7.7,0.427,18.5,24.4,0.247
84,Fairfield NCAA,32,25,7,0.781,2.17,-5.52,,19,1,,15,1,,10,6,,2069,1823,,66.8,96.1,0.241,0.299,0.507,49.4,58.7,11.9,7.4,0.474,15,25.7,0.182
85,FDU,31,19,12,0.613,-9.07,-13.16,,14,3,,12,4,,7,8,,1892,1765,,67.2,89.1,0.286,0.329,0.481,52.2,58.1,8.8,6.4,0.444,18.3,28.9,0.205
86,Florida NCAA,32,21,11,0.656,15.06,11.81,,10,6,,14,4,,7,7,,2176,2072,,75.6,89.2,0.271,0.286,0.486,50.7,49.9,11.4,7.3,0.449,18.9,29.2,0.199
87,Florida A&M,28,3,25,0.107,-29.27,-9.35,,3,14,,1,9,,2,16,,1512,1995,,70.9,75.9,0.303,0.329,0.418,48.3,49.5,8.7,2.7,0.377,22.5,32.4,0.204
88,Florida Atlantic,30,5,25,0.167,-10.36,-0.25,,1,17,,4,12,,1,13,,1759,1883,,65.7,88.1,0.306,0.347,0.469,49.7,55.3,8.7,5.6,0.425,19.5,28.6,0.225
89,Florida Gulf Coast NCAA,33,30,3,0.909,14.99,-0.68,,15,1,,18,2,,12,1,,2578,1824,,69.5,111.5,0.238,0.564,0.547,51.7,62.9,14.1,7.7,0.531,12.8,25.4,0.156
90,Florida International,31,15,16,0.484,-3.3,-2.98,,6,12,,12,6,,3,10,,1988,1754,,67.3,94.5,0.293,0.369,0.482,51.2,50.2,13.9,7.6,0.444,19.2,34.5,0.209
91,Florida State NCAA,31,17,14,0.548,15.28,11.63,,10,8,,11,4,,6,10,,2023,1910,,70.6,91.7,0.285,0.262,0.504,52.2,57.6,8.7,11.5,0.472,19.2,30.8,0.201
92,Fordham,29,18,11,0.621,9.58,5.48,,8,6,,13,3,,5,8,,1803,1684,,67.7,91.4,0.201,0.377,0.469,50.9,58.3,11,6.2,0.444,15.9,32.7,0.141
93,Fresno State,29,11,18,0.379,-1.16,1.18,,7,10,,7,8,,4,10,,2011,1837,,66.6,103.7,0.252,0.34,0.512,51.1,51.4,9.6,6.1,0.479,14,26.6,0.187
94,Furman,34,20,14,0.588,-9.44,-9.19,,10,4,,12,4,,8,10,,2183,2027,,67.7,94.1,0.283,0.336,0.47,55.8,57,9.7,5.6,0.429,18.3,38.2,0.21
95,Gardner-Webb,31,16,15,0.516,-10.12,-10.89,,13,5,,8,5,,8,10,,2180,2156,,76.4,92.1,0.315,0.325,0.493,49.2,47.3,11.4,10.4,0.456,17.7,29.5,0.221
96,George Mason,29,10,19,0.345,-6.86,0.14,,3,12,,3,10,,7,9,,1701,1904,,70.7,82.3,0.312,0.32,0.449,46.7,51.3,8,6.6,0.409,18.7,24.2,0.212
97,George Washington,31,13,18,0.419,-2.89,1.91,,4,11,,10,8,,3,10,,1600,1680,,64.4,80.2,0.244,0.306,0.409,52.7,49.3,11.4,5.3,0.385,18.1,32.6,0.143
98,Georgetown,29,10,19,0.345,-4.77,4.7,,4,15,,5,11,,5,8,,1743,1922,,68.8,85.1,0.264,0.313,0.463,50.8,57.3,11.3,11.2,0.431,21.1,31.3,0.181
99,Georgia NCAA,31,21,10,0.677,21.39,12.14,,9,7,,13,6,,8,4,,2119,1830,,73,92.9,0.247,0.174,0.488,54.6,60.5,11.6,14.5,0.455,17.9,34.6,0.181
100,Georgia Southern,28,18,10,0.643,-2.65,-7.41,,8,6,,13,3,,5,7,,2220,1769,,76.7,102.5,0.321,0.291,0.5,57.7,47.9,14.2,10.2,0.464,18.5,41.3,0.224
101,Georgia State,26,10,16,0.385,-11.73,-6.19,,4,9,,6,8,,4,8,,1682,1666,,72.1,88.1,0.313,0.332,0.467,46.7,49.6,12.6,7.3,0.437,18.2,25.2,0.199
102,Georgia Tech NCAA,32,21,11,0.656,19.75,11.47,,11,7,,13,4,,8,7,,1950,1685,,66.3,90.8,0.247,0.312,0.479,54.8,65.7,8.8,11,0.454,17.4,31.2,0.163
103,Gonzaga NCAA,34,27,7,0.794,20.97,8.09,,15,2,,14,3,,13,4,,2345,1798,,65.4,105.4,0.29,0.326,0.529,60.1,58.8,11.8,11.5,0.489,17.8,41.8,0.225
104,Grambling,31,14,17,0.452,-14.75,-10.95,,10,7,,9,2,,5,14,,1929,2043,,71.6,87,0.328,0.305,0.48,46,52.6,11.6,6.4,0.44,19.8,28.1,0.23
105,Grand Canyon,32,22,10,0.688,-3.54,-5.47,,14,4,,14,4,,8,6,,2107,1856,,69.9,93.8,0.281,0.317,0.481,51.3,51.8,18,8.5,0.447,18.9,34.6,0.195
106,Green Bay,27,19,8,0.704,3.46,-2.65,,14,4,,9,4,,10,4,,1672,1507,,66.4,92.4,0.22,0.392,0.487,49.2,64,10.4,8.1,0.452,16.9,27.8,0.173
107,Hampton,29,13,16,0.448,-15.78,-11.4,,8,9,,9,5,,4,11,,1722,1849,,71.5,83.1,0.347,0.218,0.446,46.7,49.4,12.2,5.8,0.407,17.9,26.7,0.224
108,Hartford,30,4,26,0.133,-25.84,-8.34,,4,14,,1,13,,3,13,,1622,2147,,72.2,74.3,0.217,0.365,0.441,45.6,54.8,9.6,6.1,0.418,24.4,26.5,0.137
109,Harvard,27,13,14,0.481,2.63,-0.93,,7,7,,7,4,,6,10,,1915,1819,,73.7,95.3,0.186,0.405,0.478,46.8,57.1,14.5,7.2,0.458,14,31.1,0.124
110,Hawaii NCAA,30,20,10,0.667,0.13,0.03,,13,3,,14,4,,6,6,,1918,1829,,68.3,93.6,0.368,0.402,0.506,50.3,55.9,10.9,8,0.464,18.6,27.5,0.261
111,High Point,31,17,14,0.548,-9.34,-10.3,,13,5,,10,6,,7,8,,1957,1744,,69.2,90.8,0.259,0.428,0.482,45.9,57,12.5,4.9,0.455,15.3,15.7,0.174
112,Hofstra,28,8,20,0.286,-14.16,-3.05,,4,14,,6,7,,2,13,,1434,1682,,66.9,76.2,0.258,0.256,0.423,47.2,54.5,13.1,4.2,0.394,21.7,28.3,0.161
113,Holy Cross,31,20,11,0.645,-3.5,-6.04,,14,4,,12,5,,8,6,,1872,1717,,67.4,89.2,0.226,0.328,0.477,52.7,57.7,9.7,7.1,0.452,19.5,32.1,0.153
114,Houston,34,18,16,0.529,9.59,7.53,,7,9,,12,5,,6,11,,2149,2079,,71.7,87.9,0.257,0.305,0.46,51.3,54.1,13.9,12,0.432,17.9,33.3,0.167
115,Houston Christian,27,16,11,0.593,-12.63,-11.96,,12,2,,10,3,,6,8,,1558,1236,,63.1,91,0.3,0.322,0.453,52.2,58.1,13.3,11.2,0.401,19.4,29.9,0.233
116,Howard NCAA,31,21,10,0.677,-11.64,-13.01,,11,3,,13,2,,8,8,,1977,1836,,73.4,86.5,0.354,0.295,0.444,52.2,49.6,12.1,10.7,0.404,18.7,34.9,0.231
117,Idaho,32,14,18,0.438,-3.72,-0.43,,11,9,,9,6,,5,12,,2191,2132,,72.6,94,0.226,0.439,0.486,48.6,58.7,8.3,6.4,0.453,14.8,21,0.17
118,Idaho State,31,19,12,0.613,0.25,-0.65,,15,5,,12,2,,7,10,,2070,1866,,67.6,97.5,0.194,0.336,0.494,52.5,61.4,13.2,8.3,0.467,17,32.6,0.145
119,Illinois,27,7,20,0.259,-2.52,7.55,,1,13,,6,10,,1,10,,1738,2010,,74.3,86.7,0.283,0.307,0.476,49.3,53,9,8.6,0.447,19.6,29.6,0.187
120,Illinois State NCAA,33,19,14,0.576,2.3,2.62,,12,6,,9,6,,10,8,,2145,2064,,66.6,97.5,0.32,0.297,0.527,51.1,46.5,8,9.1,0.486,17.2,26.1,0.242
121,Illinois-Chicago,27,2,25,0.074,-17.72,-3.16,,1,20,,1,12,,1,13,,1431,1824,,70,75.3,0.384,0.288,0.443,42.5,53.4,12.3,7.8,0.399,21.9,22.6,0.249
122,Incarnate Word NCAA,30,13,17,0.433,-16.81,-13.28,,5,9,,8,6,,4,11,,1732,1490,,62.4,91.4,0.305,0.286,0.453,53.9,49.9,13,8.8,0.413,19.9,35.2,0.211
123,Indiana NCAA,33,24,9,0.727,24.22,14.68,,11,5,,15,3,,9,6,,2353,2038,,71.7,98.8,0.306,0.252,0.533,50.8,52.9,9.1,7.7,0.496,16,23.5,0.229
124,Indiana State,31,11,20,0.355,-3.08,0.42,,5,13,,5,10,,6,10,,1984,2001,,69,92.7,0.247,0.239,0.49,51.8,50.7,14.6,5.9,0.462,19.5,35.3,0.172
125,Iona,27,11,16,0.407,-10.72,-8.2,,8,12,,7,7,,4,9,,1521,1589,,68.4,82,0.197,0.349,0.478,46.9,61.1,10.9,7,0.461,22.3,23.8,0.123
126,Iowa NCAA,32,24,8,0.75,26.07,12.07,,14,4,,15,5,,9,3,,2695,2247,,76.9,109.1,0.29,0.343,0.602,52.1,63.5,9.3,7.7,0.562,16.8,24.3,0.245
127,Iowa State NCAA,35,28,7,0.8,26.26,13.63,,14,4,,19,4,,9,3,,2673,2231,,71.9,105.8,0.271,0.433,0.555,53.6,52.4,7.3,8.8,0.517,14.9,26.8,0.22
128,IUPUI NCAA,29,24,5,0.828,10.96,-3.08,,18,2,,14,2,,10,3,,2044,1637,,68.5,101.9,0.252,0.388,0.552,56.6,57.4,8.1,7.7,0.525,18.5,31.8,0.188
129,Jackson State NCAA,30,23,7,0.767,5.91,-11.03,,18,0,,14,0,,9,7,,2386,1878,,77.6,102.4,0.385,0.216,0.515,58.4,49.1,11.2,11.3,0.477,16.5,41.4,0.265
130,Jacksonville,29,16,13,0.552,-7.45,-4.05,,8,8,,11,4,,5,9,,1737,1505,,65.7,91.1,0.301,0.273,0.462,52.9,47.8,15.3,13.4,0.425,19.5,31.6,0.205
131,Jacksonville State,32,24,8,0.75,-1.79,-6.89,,13,3,,16,1,,8,7,,2119,1786,,68.4,96.8,0.266,0.34,0.476,53.2,43.2,9.9,2.6,0.444,14.3,30.8,0.185
132,James Madison,29,14,15,0.483,-2,-0.97,,10,8,,8,7,,6,8,,1843,1873,,70.7,89.1,0.326,0.318,0.472,52.5,41.3,8.3,6,0.426,18.5,32.5,0.239
133,Kansas NCAA,31,21,10,0.677,19.9,13.32,,11,7,,13,5,,8,5,,2226,2022,,76.8,93.1,0.351,0.28,0.528,50.8,50.6,10.3,13.8,0.483,19.9,25.1,0.264
134,Kansas City,32,23,9,0.719,2.45,-0.36,,12,6,,16,2,,7,7,,2291,2019,,68,104.5,0.272,0.336,0.526,56,56,9.7,7.1,0.489,16.6,34.2,0.209
135,Kansas State NCAA,33,20,13,0.606,19.55,14.1,,9,9,,14,3,,6,10,,2181,2001,,71.8,91.4,0.284,0.328,0.495,50,69,10.3,12.6,0.454,16.6,24.6,0.216
136,Kennesaw State,28,9,19,0.321,-10.41,-2.89,,5,11,,7,8,,2,11,,1688,1791,,69.1,86.8,0.293,0.274,0.466,48.7,48.6,10.9,6.6,0.433,19.2,29.3,0.196
137,Kent State,31,19,12,0.613,4.36,1.12,,10,10,,11,4,,8,8,,2118,1834,,67.3,101.5,0.27,0.397,0.511,56.3,51.1,9,7.8,0.478,16.7,34.8,0.197
138,Kentucky NCAA,31,19,12,0.613,20.09,13.58,,8,8,,12,6,,7,6,,2237,2035,,73.6,97.7,0.26,0.275,0.506,49.7,57,10.8,12,0.477,16,31.2,0.182
139,La Salle,28,16,12,0.571,0.7,-1.13,,9,6,,10,6,,6,6,,1830,1779,,70.8,91.9,0.253,0.449,0.489,46.4,61.6,13.1,7.4,0.454,17.3,27.4,0.188
140,Lafayette,30,12,18,0.4,-10.38,-6.35,,7,11,,7,8,,5,10,,1636,1757,,66.2,82.1,0.19,0.259,0.451,50.5,49.9,8.3,10.3,0.428,20.3,30,0.128
141,Lamar,29,14,15,0.483,-6.46,-4.72,,8,10,,10,6,,4,9,,1816,1623,,64.1,96.1,0.343,0.308,0.5,53.6,60,10.9,7.4,0.465,19.6,32,0.234
142,Lehigh,30,19,11,0.633,0.16,-7.4,,11,7,,13,3,,6,8,,2070,1769,,71.6,96.4,0.184,0.469,0.51,51.1,60.4,9.8,10,0.485,16.3,25,0.138
143,Liberty,33,28,5,0.848,6.09,-4.02,,14,2,,16,2,,12,3,,2162,1619,,63.1,103.4,0.268,0.31,0.519,62.5,63.2,9,12.2,0.494,19,42.2,0.183
144,Lipscomb,30,10,20,0.333,-12.91,-1.76,,5,11,,7,8,,3,12,,1787,1769,,65.1,91.1,0.217,0.405,0.481,50.9,49.3,7.7,10.8,0.453,19.2,22,0.155
145,Little Rock,27,17,10,0.63,-0.98,-2.26,,8,4,,9,4,,8,6,,1644,1468,,66.3,90.5,0.24,0.235,0.464,53.1,56.3,11.5,9.4,0.438,18.7,32.6,0.159
146,Long Beach State,28,19,9,0.679,3.01,-1.14,,12,6,,8,5,,11,4,,1734,1542,,67.4,90.6,0.269,0.325,0.473,46.3,60.2,17.6,11.1,0.439,16.3,25.7,0.189
147,Long Island University,27,9,18,0.333,-17.08,-9.78,,9,7,,4,6,,5,12,,1500,1697,,69.6,79.1,0.206,0.319,0.425,49.1,50.5,12.1,9.8,0.404,20.7,32.8,0.125
148,Longwood NCAA,34,22,12,0.647,-4.85,-8.2,,15,3,,11,5,,11,7,,2431,2317,,76.2,93.9,0.279,0.345,0.507,48.2,54.5,13.1,11.3,0.469,18.8,31.6,0.21
149,Louisiana,25,18,7,0.72,-0.43,-5.2,,9,4,,12,3,,6,4,,1672,1260,,64.6,103,0.338,0.217,0.519,53.4,36.8,11.1,7.8,0.487,17.6,27.2,0.232
150,Louisiana State NCAA,32,26,6,0.813,22.39,10.3,,13,3,,18,4,,8,2,,2359,1972,,74.8,98.1,0.313,0.158,0.497,56.1,50.2,11.2,10.2,0.468,14.9,34.6,0.206
151,Louisiana Tech,33,21,12,0.636,2,-2.2,,11,7,,14,3,,7,9,,2214,1829,,66.9,99.6,0.334,0.216,0.512,51.2,47,12.2,8.1,0.467,17.3,28.6,0.254
152,Louisiana-Monroe,29,4,25,0.138,-22.15,-6.3,,0,14,,4,14,,0,11,,1683,1808,,68.4,84.5,0.312,0.187,0.428,52.1,47.1,12.3,8,0.389,20.6,35.6,0.205
153,Louisville NCAA,34,29,5,0.853,30.37,14.22,,15,2,,18,1,,11,4,,2441,1892,,70.5,101.5,0.209,0.27,0.526,53.8,53.9,14.3,12.1,0.503,16.6,34.9,0.15
154,Loyola (IL),30,18,12,0.6,2.8,-0.17,,10,8,,11,3,,7,9,,1792,1610,,67,89.2,0.244,0.323,0.476,52.2,57.5,9.4,10.5,0.446,17.6,26,0.171
155,Loyola (MD),29,5,24,0.172,-15.15,-7.32,,2,16,,5,9,,0,15,,1559,1786,,64.5,83,0.239,0.254,0.462,49.8,55.3,10.2,2.7,0.426,20.4,29,0.175
156,Loyola Marymount,30,11,19,0.367,-4.95,3.22,,4,13,,4,6,,7,13,,1777,1789,,66.9,88.1,0.294,0.309,0.482,51.8,55.7,11.3,6.6,0.446,21.9,29.3,0.206
157,Maine,32,20,12,0.625,-5.41,-7.01,,15,3,,9,8,,11,4,,1867,1816,,65.5,87.7,0.172,0.374,0.478,47.9,62.8,13.1,7.2,0.459,17.3,23.7,0.116
158,Manhattan,32,21,11,0.656,-3.29,-8.2,,14,6,,12,3,,9,8,,2118,1961,,73.2,89.7,0.279,0.265,0.474,56.9,48.8,10.7,8.7,0.438,19.9,37.7,0.199
159,Marist,29,8,21,0.276,-13.21,-5.63,,6,14,,6,8,,2,13,,1528,1748,,69.4,75.6,0.254,0.334,0.419,43.6,57.2,12.1,9.7,0.383,18.9,23,0.173
160,Marquette,34,23,11,0.676,12.38,5.65,,13,7,,15,4,,8,7,,2283,2054,,70.3,94.5,0.233,0.166,0.491,57.1,67.3,9.8,7.6,0.464,17.4,36.8,0.163
161,Marshall,28,15,13,0.536,-0.82,-1.09,,10,8,,9,4,,6,9,,1782,1579,,65.9,95.7,0.29,0.377,0.468,50.7,51.4,11.5,6.9,0.43,15.2,31.7,0.205
162,Maryland NCAA,32,23,9,0.719,25.72,14.12,,13,4,,16,3,,7,6,,2521,2150,,73.7,106.5,0.285,0.285,0.526,52.7,53.1,12.5,8,0.489,14.2,36.7,0.216
163,Maryland-Baltimore County,26,3,23,0.115,-21.82,-8.3,,2,14,,1,9,,2,14,,1407,1666,,65.9,82.1,0.248,0.256,0.448,46.7,48.3,11.7,2.6,0.408,20.5,27.1,0.185
164,Maryland-Eastern Shore,28,12,16,0.429,-17.4,-13.76,,7,7,,7,7,,5,9,,1773,1631,,68.8,92.1,0.317,0.263,0.448,56,52.9,11.7,8.2,0.415,18.4,41.4,0.201
165,Massachusetts NCAA,33,26,7,0.788,12.98,2.89,,11,4,,14,4,,12,3,,2367,2034,,70.5,101.3,0.257,0.296,0.513,55.6,53.3,11,7.3,0.488,15.7,37.3,0.177
166,Massachusetts-Lowell,27,11,16,0.407,-13.2,-8.17,,8,9,,6,7,,5,9,,1507,1643,,68.5,81.5,0.262,0.298,0.464,48.8,50.9,10.6,7,0.433,22.1,28.2,0.178
167,McNeese State,28,13,15,0.464,-17.58,-9.94,,8,6,,8,4,,5,10,,1268,,,,,0.246,0.299,0.511,,56.8,,,0.487,16.7,,0.168
168,Memphis,28,16,12,0.571,1.85,0.85,,6,9,,11,4,,5,8,,1745,1717,,69.6,89.1,0.333,0.29,0.47,53.8,48.4,9.6,9.4,0.425,18.5,36,0.238
169,Mercer NCAA,30,23,7,0.767,1.7,-5.83,,13,1,,13,3,,10,4,,1933,1707,,70.8,90.6,0.259,0.183,0.482,49.3,47.4,10.6,10.5,0.451,16.3,28.7,0.18
170,Merrimack,26,9,17,0.346,-17.21,-10.79,,5,11,,6,6,,3,11,,1668,1835,,72.1,87.7,0.243,0.328,0.482,48.3,55.4,9,4.6,0.462,19.5,28.5,0.152
171,Miami (FL) NCAA,34,21,13,0.618,16.72,14.22,,10,8,,14,5,,7,8,,2070,1985,,70.4,86.5,0.249,0.352,0.481,50.4,57.7,12.9,8.8,0.451,20.3,29.4,0.173
172,Miami (OH),29,8,21,0.276,-4.3,0.5,,4,16,,5,9,,3,12,,1954,2093,,76.6,87.9,0.199,0.322,0.479,49.1,52.3,12.6,6.7,0.45,19.8,29.9,0.147
173,Michigan NCAA,32,25,7,0.781,23.74,12.68,,13,4,,19,1,,6,6,,2287,1933,,70.4,100,0.336,0.258,0.53,57.7,52.9,9.7,6.7,0.488,18.5,37.4,0.251
174,Michigan State,30,15,15,0.5,12.37,8.9,,8,9,,11,6,,4,9,,2118,2014,,71.2,98.3,0.306,0.31,0.523,53.1,66.8,10.2,9.2,0.487,17.7,33.1,0.224
175,Middle Tennessee,35,27,8,0.771,12.09,1.32,,14,4,,17,2,,10,6,,2395,2018,,68.9,97.9,0.217,0.481,0.515,50.1,52.1,12.8,10.5,0.487,15.7,28.2,0.162
176,Milwaukee,30,14,16,0.467,-3.12,-2.62,,12,9,,8,6,,6,10,,1759,1774,,67.1,87.1,0.228,0.328,0.486,52.8,61.2,10.7,9.4,0.448,21,31.4,0.182
177,Minnesota,33,15,18,0.455,9.4,11.46,,7,11,,10,8,,5,10,,2300,2368,,72.3,96,0.258,0.362,0.512,50.2,55.2,8.8,8.2,0.476,16.8,29.2,0.196
178,Mississippi NCAA,32,23,9,0.719,21.51,11.14,,10,6,,13,6,,10,3,,2142,1810,,70.9,94.4,0.305,0.188,0.479,54.8,55.9,12.8,10.9,0.447,16.2,36.2,0.204
179,Mississippi State,29,15,14,0.517,13.34,10.17,,6,10,,12,5,,3,9,,2063,1916,,71.7,99.2,0.245,0.329,0.498,47.6,47.6,12.6,11.9,0.479,13.3,28.4,0.155
180,Mississippi Valley State,26,4,22,0.154,-25.3,-11.8,,3,14,,2,9,,2,13,,1656,2007,,80.3,78.6,0.285,0.356,0.419,46.2,57.1,11.9,4.5,0.386,19.8,31.8,0.18
181,Missouri,31,18,13,0.581,14.06,10.96,,7,9,,11,5,,7,8,,2187,2091,,69.2,99.9,0.279,0.371,0.553,50.8,52.7,8,5,0.524,17.8,24.7,0.204
182,Missouri State NCAA,33,25,8,0.758,15.18,5.65,,14,4,,16,2,,9,6,,2138,1752,,69.7,93,0.311,0.246,0.449,56.5,54,13.2,14.4,0.402,15,37.9,0.228
183,Monmouth,30,14,16,0.467,-10.71,-8.34,,9,11,,8,7,,6,9,,1776,1847,,72.2,81.3,0.223,0.365,0.457,50.6,58,9.8,8.3,0.431,22.1,29.8,0.149
184,Montana,30,19,11,0.633,1.29,-4.99,,12,8,,13,3,,6,8,,2038,1772,,69.2,97.4,0.304,0.306,0.511,55.7,51.8,7.7,11.9,0.474,17,29.9,0.221
185,Montana State NCAA,35,22,13,0.629,-0.05,-0.75,,14,6,,16,3,,6,10,,2417,2243,,69.3,98.5,0.29,0.364,0.48,49.7,52.5,13.2,6.1,0.433,13.7,31.1,0.226
186,Morehead State,28,1,27,0.036,-24.82,-2.93,,0,18,,1,12,,0,15,,1470,1989,,67.9,77.3,0.202,0.382,0.432,45,49.3,10.2,8.6,0.404,21.2,24.9,0.137
187,Morgan State,26,18,8,0.692,-11.65,-13.48,,11,3,,10,1,,8,7,,1645,1441,,69.5,90.6,0.272,0.255,0.442,53.7,44.1,16,7.5,0.408,18.1,41.1,0.183
188,Mount St. Mary's NCAA,29,16,13,0.552,-10.63,-10.95,,11,5,,11,4,,5,9,,1851,1740,,68.5,93.1,0.267,0.394,0.523,48.2,51.9,10.3,6.3,0.49,20.3,24.8,0.198
189,Murray State,32,22,10,0.688,2.97,-5.76,,13,5,,12,3,,10,7,,2325,1890,,66.4,108.2,0.355,0.276,0.569,58.7,59.6,7.7,5.7,0.523,18.1,33.9,0.284
190,Navy,31,10,21,0.323,-14.26,-6.62,,5,13,,6,11,,4,10,,1708,1945,,68.3,80.6,0.221,0.319,0.43,46,52.7,10.3,6.3,0.402,17.7,26.1,0.147
191,NC State NCAA,36,32,4,0.889,35.12,16.28,,17,1,,23,3,,9,1,,2782,2104,,70.5,108.1,0.231,0.32,0.552,56,48.7,10.4,7.8,0.526,14.5,32.8,0.174
192,Nebraska NCAA,33,24,9,0.727,22.54,9.03,,11,7,,17,2,,7,7,,2568,2066,,73.5,105.8,0.284,0.373,0.54,56.1,61.7,10,9.2,0.511,15.9,33.7,0.204
193,Nevada,33,20,13,0.606,1.87,-0.23,,11,6,,11,6,,9,7,,2199,1978,,66.7,98,0.217,0.321,0.492,51.5,50.8,13.7,5.2,0.455,15.5,31.5,0.176
194,Nevada-Las Vegas NCAA,33,26,7,0.788,9.89,-0.72,,15,3,,16,2,,10,5,,2485,2135,,73.2,102.8,0.311,0.299,0.542,55,54.7,9.3,4.8,0.508,16.7,31.7,0.229
195,New Hampshire,28,7,21,0.25,-17.93,-8.04,,4,12,,6,8,,1,13,,1483,1678,,65.5,80.5,0.304,0.274,0.433,49,52.8,13.3,5.8,0.395,20.9,31.8,0.203
196,New Mexico,36,26,10,0.722,6.62,-1.01,,14,4,,18,4,,8,6,,2757,2325,,72.8,105.2,0.221,0.436,0.553,49.9,58.6,11.5,9.7,0.527,16,25.4,0.167
197,New Mexico State,29,10,19,0.345,-8.82,-4.04,,6,12,,10,5,,0,14,,1869,1794,,68.7,91.8,0.281,0.233,0.458,54.3,46.6,12,5.8,0.424,18,36.6,0.19
198,New Orleans,23,5,18,0.217,-23.86,-8.81,,3,11,,2,7,,3,11,,1252,1373,,68.1,79.5,0.298,0.332,0.426,47.5,55.4,13.5,6.1,0.386,22.2,28.6,0.201
199,Niagara,30,15,15,0.5,-10.62,-7.32,,11,9,,10,4,,5,11,,2096,2195,,81.3,85.2,0.301,0.322,0.456,47.6,51.2,16.2,3.3,0.421,20.3,34.8,0.2
200,Nicholls State,26,4,22,0.154,-24.09,-8.64,,2,12,,2,10,,2,12,,1542,1641,,69.7,84.7,0.311,0.232,0.455,51.3,47.8,11.8,5,0.41,23.3,31.1,0.224
201,NJIT,30,15,15,0.5,-13.51,-10.21,,9,8,,7,6,,8,9,,1701,1800,,67.8,82.7,0.296,0.311,0.477,50,46,7.3,11,0.445,21.6,28.3,0.2
202,Norfolk State,29,17,12,0.586,-8.44,-12.51,,11,3,,11,2,,6,10,,1759,1564,,71.2,85.2,0.306,0.315,0.449,49.5,48.3,17.3,13.4,0.411,19.5,34.4,0.206
203,North Alabama,29,13,16,0.448,-10.52,-5.64,,8,8,,9,7,,4,9,,1997,1775,,67.6,100.2,0.265,0.493,0.528,49.3,64.3,9.9,10.9,0.496,18.9,23.4,0.199
204,North Carolina NCAA,32,25,7,0.781,29.57,12.22,,13,5,,15,2,,10,5,,2339,1784,,74.3,98,0.305,0.278,0.494,54.4,52,12.4,9.7,0.457,15,34,0.217
205,North Carolina A&T,29,14,15,0.483,-8.66,-9.84,,11,7,,8,7,,6,8,,1970,1936,,74.8,90.1,0.275,0.258,0.497,51.1,58.5,11.8,5.7,0.465,20.4,31.4,0.194
206,North Carolina Central,25,5,20,0.2,-24.61,-11.48,,3,11,,4,5,,1,15,,1541,1646,,77.7,79.4,0.36,0.265,0.421,47.6,48.2,14.5,7.6,0.369,21.6,31.4,0.247
207,North Dakota,30,15,15,0.5,-5.37,-1.66,,9,9,,8,5,,7,10,,2017,1952,,70.4,95.2,0.267,0.242,0.485,52.6,49.5,9.3,10,0.441,16.9,31.2,0.211
208,North Dakota State,29,11,18,0.379,-3.67,1.81,,7,11,,7,7,,4,11,,1862,1833,,66.7,96.2,0.332,0.382,0.51,52.1,46.6,9.9,5,0.468,18.6,28.6,0.245
209,North Florida,30,13,17,0.433,-5.68,-3.05,,5,11,,8,5,,5,12,,1967,1737,,68.9,94.4,0.224,0.388,0.517,51.1,58.9,11.4,13.1,0.489,20.7,24.1,0.166
210,North Texas,30,17,13,0.567,4.21,0.63,,10,7,,13,5,,4,8,,1990,1793,,69.8,94.6,0.342,0.294,0.49,52.2,49.4,9.7,6.8,0.456,17.6,32.2,0.229
211,Northeastern,32,14,18,0.438,-4.69,-4.03,,8,10,,10,4,,4,14,,1981,2002,,70.2,87.8,0.238,0.303,0.485,51.6,48.3,11.3,6.3,0.452,21,33.4,0.176
212,Northern Arizona,31,17,14,0.548,-0.09,-1.9,,12,8,,11,6,,6,8,,2258,2202,,75.3,96.3,0.271,0.263,0.522,50.6,55.4,10.6,7.1,0.492,17.6,27.9,0.196
213,Northern Colorado,31,15,16,0.484,-3.22,-3.49,,9,11,,10,4,,5,12,,1921,1831,,66.3,92.3,0.28,0.374,0.507,54.1,57,10.9,7.2,0.469,21.1,31.1,0.211
214,Northern Illinois,29,14,15,0.483,-0.84,1.74,,11,9,,10,5,,4,10,,1933,2008,,71.6,91.8,0.216,0.373,0.489,52.6,47.6,8.7,4.3,0.461,17.4,29.8,0.155
215,Northern Iowa,34,23,11,0.676,12.63,4.03,,13,5,,14,3,,9,8,,2347,1953,,69,100.1,0.265,0.393,0.516,53.2,57.5,9.5,10.3,0.479,15.2,28,0.204
216,Northern Kentucky,29,21,8,0.724,0.36,-6.14,,14,6,,9,4,,12,4,,1918,1664,,68.7,95.9,0.268,0.354,0.497,55,50.9,12,9.7,0.467,17.5,32.9,0.187
217,Northwestern,29,17,12,0.586,13.93,10.9,,8,8,,12,3,,5,9,,1940,1852,,72.1,91.6,0.287,0.319,0.473,48.5,60.7,13.6,13.4,0.437,15.7,29.4,0.201
218,Northwestern State,26,12,14,0.462,-18.59,-13.77,,5,9,,7,6,,5,8,,1655,1293,,65.5,96.2,0.318,0.318,0.461,54.5,48.9,13.4,9.3,0.417,20.4,36.9,0.228
219,Notre Dame NCAA,33,24,9,0.727,25.05,14.05,,12,5,,15,2,,9,7,,2451,2088,,74.5,99,0.239,0.28,0.526,54.1,59.1,11.8,12.7,0.5,16.9,31.8,0.171
220,Oakland,30,15,15,0.5,-4.7,-3.33,,11,9,,7,10,,8,5,,1878,1919,,69.7,89.8,0.273,0.355,0.468,49.7,49.3,10.7,4,0.435,17.9,31.9,0.188
221,Ohio,30,15,15,0.5,2.13,1.92,,9,10,,9,5,,6,10,,2199,2103,,74.7,98.1,0.287,0.419,0.5,47.6,47.4,13,7.3,0.471,14.8,27.1,0.194
222,Ohio State NCAA,32,25,7,0.781,22.03,9.44,,14,4,,16,3,,9,4,,2501,2098,,75.7,103.2,0.277,0.349,0.551,49.2,57.2,11.8,8.5,0.521,15.9,25.8,0.203
223,Oklahoma NCAA,34,25,9,0.735,20.97,15.23,,12,6,,16,4,,9,5,,2808,2613,,83.4,97.9,0.314,0.404,0.545,50,65.4,11.4,6.6,0.507,19.7,28,0.237
224,Oklahoma State,29,9,20,0.31,11.75,15.68,,3,15,,5,9,,4,11,,1672,1786,,72.1,80,0.274,0.299,0.417,48,55.1,12.6,9.4,0.387,16.5,27.2,0.169
225,Old Dominion,34,24,10,0.706,6.11,-0.86,,12,6,,13,5,,11,5,,2169,1869,,69.5,91.8,0.311,0.267,0.466,52.4,49.4,15.2,10.9,0.437,17.4,36,0.196
226,Omaha,26,7,19,0.269,-7.08,2.2,,3,14,,3,9,,4,10,,1488,1633,,67.8,84,0.276,0.265,0.468,48,51.7,11.4,7.4,0.428,20.1,23.3,0.203
227,Oral Roberts,31,16,15,0.516,-2.69,0.38,,10,8,,11,5,,5,10,,2041,1937,,70.6,92.6,0.347,0.297,0.482,51.2,52.1,11.9,8.7,0.434,17.5,26.7,0.255
228,Oregon NCAA,32,20,12,0.625,24.99,15.6,,11,6,,14,6,,6,6,,2283,1866,,67.7,103.3,0.264,0.313,0.518,54.2,55.2,12.4,12.3,0.488,15.7,32.9,0.189
229,Oregon State,31,17,14,0.548,16.04,14.17,,6,9,,14,6,,3,8,,1998,1940,,69.5,92,0.258,0.332,0.507,54.4,62.2,6.9,11.2,0.474,18.4,25.9,0.19
230,Pacific,29,6,23,0.207,-6.01,4.81,,3,14,,5,8,,1,15,,1979,2031,,74.4,91.4,0.287,0.31,0.481,47.4,57.3,10.3,4.7,0.447,19,25.5,0.198
231,Penn State,29,11,18,0.379,4.9,9.21,,5,13,,8,7,,3,11,,2047,2172,,75.4,93.6,0.238,0.347,0.514,45.1,51.8,12.7,10.3,0.483,17.9,25.4,0.178
232,Pennsylvania,26,12,14,0.462,-1.78,-2.74,,7,7,,6,8,,6,6,,1683,1480,,68.3,93.8,0.247,0.361,0.473,52.4,54.7,12,10.9,0.44,17.6,33.8,0.177
233,Pepperdine,25,8,17,0.32,-6.22,1.74,,4,11,,6,7,,2,10,,1489,1625,,69,85.9,0.218,0.27,0.461,49.4,52.9,11,9.8,0.435,19.9,30.8,0.145
234,Pittsburgh,30,11,19,0.367,7.97,11.37,,2,16,,8,8,,3,11,,1850,1952,,73.9,82.8,0.303,0.247,0.441,54,51.1,9.3,12.2,0.409,20.2,36.2,0.192
235,Portland,31,20,11,0.645,11.37,4.55,,8,7,,15,4,,5,7,,2190,1709,,68.3,103.1,0.289,0.33,0.512,55.2,68.8,16,13,0.48,18.4,37.4,0.205
236,Portland State,29,5,24,0.172,-18.75,-3.57,,0,20,,4,11,,1,13,,1725,1975,,68.5,86.9,0.208,0.369,0.458,45.7,53.6,11.8,5.1,0.425,18.2,25.5,0.157
237,Prairie View,30,13,17,0.433,-21.17,-9.51,,9,8,,6,7,,6,10,,1844,1901,,72.5,84.7,0.28,0.311,0.451,50.3,65,13.5,10.7,0.414,21.4,30,0.193
238,Presbyterian,30,12,18,0.4,-16.56,-12.45,,6,12,,8,6,,4,12,,1798,1831,,68.6,87,0.3,0.327,0.495,52.9,53.2,9,6.3,0.457,23.5,31.7,0.217
239,Princeton NCAA,30,25,5,0.833,18.67,1.84,,14,0,,13,2,,12,3,,2049,1544,,69.7,97.6,0.243,0.289,0.497,54.8,53,14.2,7.8,0.464,15.7,34.7,0.182
240,Providence,30,11,19,0.367,0.24,4.21,,6,14,,6,12,,5,7,,1797,1916,,71.4,82.5,0.279,0.284,0.471,50.1,50.7,9.7,14.4,0.436,21.2,26.4,0.194
241,Purdue,32,17,15,0.531,11.25,9.44,,7,11,,12,6,,5,9,,2213,2155,,73.2,94.1,0.231,0.38,0.514,49.3,61.9,9.5,9.2,0.483,17.7,26.7,0.174
242,Purdue Fort Wayne,28,7,21,0.25,-13.69,-4.65,,5,14,,5,9,,2,12,,1684,1745,,67.6,89,0.175,0.446,0.485,47.3,58.1,10,7.2,0.454,19.9,24.9,0.144
243,Quinnipiac,33,21,12,0.636,0.55,-6.66,,14,6,,12,4,,9,8,,2227,1989,,71.8,92.9,0.255,0.31,0.495,52.5,53.6,11.2,8.8,0.462,18.2,32.9,0.185
244,Radford,30,7,23,0.233,-22.63,-10.17,,3,15,,5,8,,2,15,,1754,1933,,69.7,83.9,0.223,0.356,0.478,50.8,56.5,8.5,6.7,0.455,23.8,27.4,0.148
245,Rhode Island,29,22,7,0.759,10.82,0.26,,12,2,,12,4,,10,3,,1836,1530,,67,94.5,0.257,0.268,0.497,55.8,57.5,11.6,8.6,0.471,17.4,33.3,0.172
246,Rice,27,14,13,0.519,-0.96,-0.42,,8,9,,10,6,,4,7,,1805,1735,,70.5,92.3,0.367,0.364,0.498,53.4,53.8,10.3,6.8,0.454,20.4,34.2,0.26
247,Richmond,30,16,14,0.533,2.32,-1.11,,7,9,,7,9,,9,5,,2115,2012,,72.7,96.6,0.256,0.471,0.55,49.2,57.1,9.3,11.4,0.524,19.8,24.9,0.187
248,Rider,30,9,21,0.3,-13.15,-7.71,,7,13,,4,9,,5,12,,1748,1911,,69.4,83.6,0.242,0.366,0.483,44.4,58.8,12,10.9,0.451,20.8,23.5,0.175
249,Robert Morris,28,13,15,0.464,-9.03,-4.74,,10,11,,8,6,,5,9,,1521,1641,,66.7,81.5,0.211,0.346,0.451,46.1,51.8,12.5,6.3,0.428,19.1,24.4,0.137
250,Rutgers,31,11,20,0.355,6.04,7.62,,3,14,,8,9,,3,11,,1811,1860,,67.7,86,0.279,0.262,0.475,55.1,54.9,12.4,10.7,0.445,21.8,36,0.187
251,Sacramento State,30,14,16,0.467,-5.48,-3.89,,10,10,,6,9,,8,7,,1944,1914,,65.1,99.1,0.252,0.375,0.524,51.7,54.7,8.6,6.7,0.496,16.7,28.1,0.181
252,Sacred Heart,25,8,17,0.32,-18.47,-12.59,,4,12,,4,8,,4,9,,1451,1598,,70.3,81.7,0.279,0.297,0.456,46.1,48.1,9.2,6.5,0.42,19.9,24.8,0.192
253,Saint Francis (PA),30,8,22,0.267,-19.63,-8,,8,10,,5,6,,3,16,,1627,1976,,65.5,81.8,0.244,0.278,0.458,53.4,55.8,7.2,4,0.427,21.8,32.6,0.169
254,Saint Joseph's,30,13,17,0.433,1.11,2.81,,7,8,,6,8,,7,9,,1748,1799,,65.3,89.3,0.264,0.327,0.487,50,64.5,9.7,7.9,0.453,19.4,30.4,0.19
255,Saint Louis,27,9,18,0.333,-1.06,3.2,,5,9,,4,8,,5,10,,1615,1730,,70.6,84.4,0.216,0.26,0.452,51.1,51,9.8,10.9,0.422,17.5,28.8,0.154
256,Saint Mary's (CA),33,18,15,0.545,2.37,4.73,,9,9,,10,7,,8,8,,2301,2241,,71.5,96.4,0.306,0.356,0.523,54.2,57.6,7.7,5.8,0.488,20.8,31.6,0.223
257,Saint Peter's,31,13,18,0.419,-11.25,-9.41,,9,11,,9,6,,4,12,,1829,1886,,72.6,81,0.311,0.306,0.447,52,54.7,12.1,5.8,0.403,22,34.5,0.221
258,Sam Houston,31,15,16,0.484,-9.2,-3.16,,9,9,,11,5,,4,11,,2091,1954,,72.6,92.5,0.387,0.175,0.472,55.8,46.6,13.5,7.6,0.425,21.3,39.5,0.268
259,Samford,30,13,17,0.433,-9.58,-4.26,,7,7,,9,5,,4,12,,1908,1894,,68.9,91.2,0.273,0.329,0.495,51.8,56.2,11.1,5.3,0.465,21.6,31.3,0.189
260,San Diego,32,17,15,0.531,7.23,5.57,,8,9,,8,6,,9,7,,1942,1856,,65.2,92.4,0.226,0.294,0.467,51.1,50.2,10.6,6.3,0.441,15.3,26.8,0.151
261,San Diego State,31,15,16,0.484,-0.36,1.27,,8,10,,11,5,,4,11,,1026,,,,,0.238,0.292,0.479,,52,,,0.447,15.1,,0.171
262,San Francisco,33,17,16,0.515,5.6,5.51,,10,8,,11,5,,6,11,,2241,2125,,70.9,95.1,0.257,0.398,0.518,46.9,56.2,9.6,5,0.487,17,19.1,0.188
263,San Jose State,30,5,25,0.167,-16.18,1.89,,2,16,,3,11,,2,14,,1804,2266,,71.9,83.6,0.253,0.361,0.451,44,54.6,9.9,8,0.415,17.3,21.8,0.181
264,Santa Clara,31,16,15,0.516,2.09,3.67,,8,10,,12,4,,3,11,,2177,1808,,65.7,106.1,0.299,0.369,0.521,58,58.3,10.2,7.4,0.477,17.8,34.7,0.234
265,Seattle,30,11,19,0.367,-11.06,-4.63,,6,12,,6,8,,5,11,,1879,1909,,69.6,88.9,0.266,0.36,0.468,48.2,57.9,12.6,9.8,0.437,18.3,27.3,0.179
266,Seton Hall,37,24,13,0.649,7.91,6.64,,12,8,,15,6,,9,7,,2565,2518,,71.7,95.7,0.21,0.336,0.513,45.9,59.2,10.5,8.3,0.482,15.3,22,0.165
267,Siena,29,10,19,0.345,-11.28,-9.04,,10,10,,6,7,,4,12,,1681,1746,,71.8,80.7,0.26,0.279,0.441,51.2,47.4,12.5,8,0.411,21,34.1,0.169
268,South Alabama,26,8,18,0.308,-17.64,-5.29,,2,10,,5,8,,3,10,,1581,1641,,70.7,85.2,0.267,0.399,0.444,43.5,51.1,12.5,5,0.42,18.1,23.6,0.161
269,South Carolina NCAA,37,35,2,0.946,38.46,18.24,,15,1,,23,1,,12,1,,2623,1875,,70,100.9,0.319,0.256,0.497,63.2,52.8,9.2,16.3,0.465,16.2,45.3,0.216
270,South Carolina State,29,4,25,0.138,-31.26,-10.58,,4,10,,2,12,,2,13,,1462,2062,,76.2,66.2,0.268,0.374,0.403,45.5,53.2,7.6,9.7,0.372,25.7,24.4,0.165
271,South Carolina Upstate,30,22,8,0.733,-9.33,-13.44,,14,4,,12,3,,10,5,,2017,1637,,65.4,102.4,0.249,0.306,0.542,51.4,52.6,12.9,7.1,0.519,18.7,26.2,0.174
272,South Dakota NCAA,35,29,6,0.829,19.35,4.5,,17,1,,16,3,,13,3,,2412,1824,,67.1,102.4,0.243,0.324,0.523,51.9,53.7,13.1,10,0.493,14.1,28.1,0.18
273,South Dakota State,38,29,9,0.763,19.8,4.23,,17,1,,21,4,,8,5,,2843,2177,,68.2,109.6,0.251,0.354,0.571,56,61.9,10.2,11.1,0.547,16.1,31.1,0.182
274,South Florida NCAA,33,24,9,0.727,15.19,8.82,,12,3,,14,3,,10,6,,2008,1798,,66.5,91.2,0.279,0.319,0.468,54.8,64.4,10.2,8.4,0.429,17,35.8,0.202
275,Southeast Missouri State,29,6,23,0.207,-17.17,-3.1,,2,16,,4,12,,2,11,,1763,1980,,71,85.6,0.267,0.268,0.464,48.8,55.4,11.8,7,0.433,21.7,31.2,0.18
276,Southeastern Louisiana,27,16,11,0.593,-7.69,-12.69,,10,4,,9,4,,7,7,,1677,1274,,63,97.3,0.298,0.247,0.476,58,56,14.3,9.5,0.447,18.4,36.8,0.193
277,Southern,31,14,17,0.452,-11.96,-7.06,,11,7,,11,1,,3,16,,1856,1853,,69,85.7,0.262,0.262,0.426,48.7,42.2,17.2,6.3,0.399,17.5,34.4,0.16
278,Southern California,28,12,16,0.429,12.79,13.15,,5,12,,8,7,,4,9,,1801,1811,,71.4,89.6,0.307,0.267,0.483,51.3,59.5,9.8,15.5,0.436,18.2,31.1,0.235
279,Southern Illinois,31,21,10,0.677,7.87,2.34,,15,3,,13,1,,8,9,,1955,1719,,64.7,97.5,0.291,0.264,0.491,53.8,58.8,12.4,6.2,0.457,15.9,34.1,0.205
280,SIU Edwardsville,31,13,18,0.419,-8.03,-2.71,,8,10,,6,9,,7,9,,2148,2313,,79.1,87.6,0.331,0.263,0.484,49.5,61,13.5,6.4,0.443,21.3,33.4,0.235
281,Southern Methodist,29,14,15,0.483,5.23,5.89,,7,7,,7,8,,7,7,,1760,1779,,70.8,85,0.263,0.201,0.449,49.7,63,10.2,10.5,0.417,16.9,27.7,0.176
282,Southern Mississippi,30,18,12,0.6,-2.91,-3.81,,9,8,,12,5,,6,7,,2001,1829,,69.5,95.1,0.306,0.182,0.492,54.7,56.7,12.2,8.9,0.46,19.2,38,0.206
283,Southern Utah,30,18,12,0.6,-2.19,-3.4,,14,6,,10,5,,8,7,,2119,1872,,69.7,100,0.31,0.293,0.504,55.9,53.8,9.3,12.4,0.465,17,34.9,0.226
284,St. Bonaventure,28,12,16,0.429,-6.87,-1.54,,4,12,,8,7,,4,9,,1633,1696,,67.3,86.3,0.283,0.298,0.471,47.9,42.2,8.8,10.3,0.435,18.6,24,0.198
285,St. Francis (NY),27,17,10,0.63,-10.34,-11.45,,13,3,,9,5,,8,5,,1747,1633,,69,93.3,0.247,0.349,0.494,48.3,60.1,11.2,6,0.461,17.5,26.6,0.183
286,St. John's (NY),31,12,19,0.387,3.65,5.33,,7,12,,8,6,,4,13,,2233,2285,,74.2,96.7,0.237,0.385,0.526,46.8,54.9,7.5,8.1,0.496,17.1,23.3,0.179
287,St. Thomas,28,7,21,0.25,-14.34,-1.67,,4,14,,3,10,,4,11,,1627,1877,,67.2,85.3,0.23,0.346,0.474,49.6,50.4,8.4,5.8,0.449,20,24.4,0.152
288,Stanford NCAA,36,32,4,0.889,34.68,17.99,,16,0,,21,3,,11,1,,2645,2044,,70.7,103.9,0.267,0.336,0.531,57.7,55.3,12.1,15,0.506,15.6,37.4,0.184
289,Stephen F. Austin NCAA,33,28,5,0.848,11.82,-3.76,,17,1,,15,1,,13,4,,2467,1757,,72,103.9,0.327,0.359,0.533,51.2,60.4,17.1,11.8,0.501,17.5,33.7,0.23
290,Stetson,32,20,12,0.625,-0.83,-3.09,,11,5,,11,4,,9,8,,2022,1736,,69,91.6,0.306,0.301,0.489,53.8,53.4,13.3,5.4,0.454,20.1,30.3,0.212
291,Stony Brook,29,23,6,0.793,1.93,-8.96,,14,4,,12,2,,11,4,,1954,1638,,70.6,95.5,0.289,0.293,0.5,53.6,53.2,10.4,8.8,0.46,17.5,33.3,0.218
292,Syracuse,29,11,18,0.379,6.62,10.45,,4,14,,9,9,,2,9,,2059,2170,,78,91,0.196,0.364,0.482,42.4,51,13,4.5,0.448,16.3,25.1,0.158
293,Tarleton State,29,16,13,0.552,-10.76,-6.16,,8,10,,9,6,,7,7,,1765,1538,,64.7,93.7,0.294,0.303,0.481,53.5,56.4,13,12.3,0.449,19.9,32.8,0.2
294,TCU,28,6,22,0.214,2.62,15.73,,2,16,,5,11,,1,11,,1689,2056,,74.6,80.2,0.296,0.333,0.455,47.4,61.4,9,5.8,0.417,19.9,22.9,0.205
295,Temple,28,13,15,0.464,4.63,6.35,,8,8,,6,8,,7,7,,1672,1720,,71.2,83.1,0.309,0.265,0.454,51.1,59.3,10.6,8.9,0.411,20.4,33.1,0.221
296,Tennessee NCAA,34,25,9,0.735,24.52,15.52,,11,5,,18,3,,7,6,,2382,2076,,74.9,92.9,0.312,0.228,0.477,58.8,55.2,8.2,13.7,0.448,18.4,40.4,0.2
297,Tennessee State,31,12,19,0.387,-9.81,-4.07,,6,12,,5,8,,7,11,,1993,2071,,73.8,86.1,0.26,0.253,0.473,47.4,48.5,16.7,9.7,0.439,21.5,30.6,0.184
298,Tennessee Tech,32,21,11,0.656,0.17,-1.87,,14,4,,11,3,,10,8,,2105,1875,,64.9,101,0.382,0.345,0.52,55.2,61.8,10.5,9,0.479,18.3,35,0.27
299,Tennessee-Martin,30,12,18,0.4,-2.99,-0.56,,9,9,,5,10,,7,8,,1669,1742,,64.8,85.9,0.313,0.353,0.5,44.1,55.1,14.1,5.4,0.455,19.7,17.6,0.239
300,Texas NCAA,36,29,7,0.806,29.34,14.2,,13,5,,16,3,,12,4,,2588,1985,,70.3,101.2,0.325,0.212,0.509,54.1,47.4,14,10.1,0.475,16.3,36.4,0.225
301,Texas A&M,29,14,15,0.483,15.45,13.55,,4,12,,12,7,,2,8,,2011,1956,,72.6,93.5,0.293,0.277,0.496,49.4,55.4,7.9,9.2,0.46,17.4,30.1,0.21
302,Texas A&M-Corpus Christi,29,19,10,0.655,-9.49,-11.3,,11,3,,14,2,,5,8,,1844,1406,,65.2,97.2,0.369,0.228,0.476,59.5,65.1,15.6,10.6,0.43,20.8,41.9,0.26
303,Texas Southern,26,11,15,0.423,-14.91,-7.76,,11,7,,5,4,,6,11,,1778,1964,,81.4,83.7,0.346,0.308,0.486,44.9,48.1,11.3,8.7,0.445,23,27.4,0.241
304,Texas State,29,15,14,0.517,-8.01,-4.01,,9,6,,8,5,,7,9,,1972,1718,,67.5,99.1,0.292,0.31,0.507,54.5,64.6,11.8,6.4,0.477,19.7,32,0.2
305,Texas Tech,30,11,19,0.367,11.83,14.09,,4,14,,7,11,,4,8,,1974,2042,,71,92.3,0.318,0.235,0.516,52.9,51.1,8.5,8.4,0.481,19.8,29.5,0.227
306,Texas-Rio Grande Valley,33,14,19,0.424,-8.69,-4.15,,8,10,,9,8,,5,11,,2009,2089,,71.1,85.3,0.23,0.432,0.477,50.2,63.1,11.3,7.2,0.448,21.8,29.3,0.161
307,Toledo,35,29,6,0.829,11.08,-0.26,,19,1,,16,3,,13,3,,2534,2137,,70.3,102.3,0.301,0.35,0.532,54.9,55,8.5,7.6,0.497,15.3,30.8,0.222
308,Towson,32,24,8,0.75,7,-3.27,,14,4,,14,3,,10,5,,2366,1850,,73.8,100.2,0.284,0.33,0.484,56.6,50.8,10.9,10.1,0.451,15.5,38.8,0.197
309,Troy,33,24,9,0.727,4.81,-3.71,,13,2,,15,3,,9,6,,2603,2131,,81.4,96.9,0.315,0.273,0.465,56.1,51.9,13,11.6,0.419,16.6,39.3,0.231
310,Tulane,31,21,10,0.677,11.48,5.34,,11,5,,14,5,,7,5,,2246,1965,,71.2,100.1,0.323,0.34,0.505,55.9,63.4,9.1,10,0.462,16.3,37.4,0.241
311,Tulsa,28,17,11,0.607,4.79,1.16,,5,8,,9,5,,8,6,,1945,1761,,68.9,99,0.214,0.39,0.517,46.5,59.4,12.2,8.4,0.488,14.7,24.6,0.163
312,UAB,31,16,15,0.516,-1.67,-3.98,,8,10,,10,5,,6,10,,2084,1869,,67.9,98.3,0.322,0.335,0.513,56.5,54.9,7.6,8,0.469,19.1,35.4,0.243
313,UC Davis,28,15,13,0.536,3.14,1.6,,8,8,,9,4,,6,9,,1733,1540,,65.4,94.2,0.258,0.445,0.51,54.9,65.9,8.6,9.4,0.483,20.5,28.3,0.179
314,UC Irvine,33,21,12,0.636,2.58,-1.33,,14,4,,14,4,,7,8,,2193,1879,,68.4,96.5,0.279,0.362,0.483,53.1,52.3,13.5,8.9,0.441,16.3,33.7,0.212
315,UC Riverside,25,14,11,0.56,-2.96,-2.35,,10,6,,8,2,,6,9,,1517,1364,,68.3,88.9,0.286,0.313,0.46,50.4,44,11.9,5.8,0.416,16.7,23,0.213
316,UC San Diego,27,13,14,0.481,-3.98,-2.64,,10,8,,8,6,,5,8,,1643,1587,,69,87.7,0.187,0.417,0.469,50.5,63.1,8.3,10.5,0.443,18.2,26.2,0.135
317,UC Santa Barbara,27,15,12,0.556,-2.54,-3.34,,9,8,,10,2,,5,10,,1652,1514,,66.7,91.3,0.335,0.357,0.492,52.7,61.4,10.1,6.5,0.448,19.6,29.8,0.244
318,UCF NCAA,30,26,4,0.867,21.95,9.22,,14,1,,17,1,,9,3,,1815,1433,,66.4,91.2,0.288,0.197,0.479,54.3,60.3,16.3,11.4,0.443,18.8,37.8,0.203
319,UCLA,31,18,13,0.581,18.09,12.96,,8,8,,12,5,,6,8,,2064,1905,,68.9,95.4,0.248,0.3,0.489,53.7,55.4,9.9,9.2,0.451,15.3,32.6,0.19
320,UNC Asheville,32,10,22,0.313,-20.45,-12.02,,3,15,,4,9,,6,13,,1969,2051,,69.4,88.3,0.251,0.312,0.459,50.3,46,10.7,2.9,0.43,18,28.6,0.168
321,UNC Greensboro,28,9,19,0.321,-13.67,-10.89,,5,9,,6,8,,3,11,,1524,1531,,65.6,82.6,0.266,0.274,0.436,53.8,46.5,9.9,8.8,0.41,20.4,35.9,0.162
322,UNC Wilmington,29,3,26,0.103,-18.8,-3.87,,0,18,,1,12,,2,14,,1581,1925,,65.7,82.6,0.242,0.268,0.448,45.9,48.9,10.2,5.7,0.41,20.8,30,0.177
323,UT Arlington NCAA,28,20,8,0.714,3.59,0.05,,11,4,,10,4,,10,4,,1960,1861,,73.9,93.8,0.344,0.239,0.499,48.9,60.4,10.6,7.9,0.461,16.3,27.3,0.238
324,Utah NCAA,33,21,12,0.636,21.67,13.97,,8,7,,13,5,,8,7,,2505,2251,,72.1,104.5,0.305,0.444,0.555,54,58.7,9.1,6.6,0.516,17.1,33.8,0.238
325,Utah State,30,11,19,0.367,-7.1,1.17,,5,13,,8,6,,3,13,,2058,2215,,75.2,90.1,0.271,0.349,0.479,48.8,57.4,9.2,7.2,0.442,18.6,29.2,0.198
326,Utah Tech,29,10,19,0.345,-15.22,-3.02,,6,12,,8,8,,2,11,,1942,1887,,68,96.9,0.211,0.519,0.519,49.6,58.8,8.1,7.3,0.498,19.5,21.1,0.147
327,Utah Valley,31,16,15,0.516,-2.39,-3.91,,10,8,,9,6,,7,9,,1965,1769,,64.7,97.1,0.245,0.327,0.508,56.6,64.2,8.8,7.2,0.471,18.9,33.6,0.193
328,UTEP,29,14,15,0.483,-1.99,-1.82,,6,12,,10,6,,4,9,,1891,1896,,69.6,91.3,0.363,0.329,0.487,51.8,52.5,10.6,5,0.441,19.8,35.6,0.26
329,UTSA,30,7,23,0.233,-11.55,0.22,,3,14,,4,8,,3,15,,1618,1971,,72.3,73.7,0.302,0.242,0.401,51.5,49.6,10.9,8.6,0.36,21.9,34.9,0.197
330,Valparaiso,30,11,19,0.367,-5.6,1.57,,9,9,,6,7,,5,12,,1802,2017,,67.7,88.3,0.276,0.486,0.53,42.7,57,11.3,7.3,0.496,20,14.6,0.207
331,Vanderbilt,35,16,19,0.457,12.34,10.74,,4,12,,14,5,,2,14,,2204,2148,,70.2,89.1,0.259,0.292,0.478,50.8,54.7,15.4,5.6,0.447,19.6,34.4,0.178
332,Vermont,31,20,11,0.645,-4.14,-11.3,,13,5,,13,4,,7,7,,1906,1684,,66.9,91.5,0.238,0.313,0.498,49.1,61,11.1,10.8,0.467,17.6,27,0.174
333,Villanova NCAA,33,24,9,0.727,11.75,7.69,,15,4,,13,2,,11,7,,2143,2009,,68.9,93.8,0.236,0.405,0.498,49.6,64.4,11.1,9.1,0.464,15.8,25.8,0.179
334,Virginia,27,5,22,0.185,2.78,13.22,,2,14,,3,11,,2,11,,1486,1768,,70.7,77.9,0.288,0.266,0.435,49.2,55.8,10.2,11.1,0.404,22.1,32,0.183
335,Virginia Commonwealth,28,16,12,0.571,7.45,4.95,,9,5,,10,7,,6,5,,1699,1629,,66.5,90.8,0.265,0.319,0.464,49.6,43.8,11.6,8.4,0.433,15.1,30.1,0.18
336,Virginia Tech NCAA,33,23,10,0.697,24.47,12.07,,13,5,,13,3,,10,7,,2337,1928,,69,102.2,0.284,0.415,0.553,52.1,56.8,6.3,8,0.519,16.3,25.8,0.216
337,Wagner,29,17,12,0.586,-10.81,-13.19,,9,8,,9,5,,8,7,,1757,1688,,70.3,86.2,0.286,0.228,0.469,49.8,58.7,12.8,9.4,0.435,19.8,31.3,0.195
338,Wake Forest,33,16,17,0.485,10.17,8.24,,4,14,,13,7,,3,10,,2144,2080,,71.4,90.7,0.274,0.303,0.476,52,45,9.5,7.3,0.443,17.8,32.4,0.19
339,Washington,23,7,16,0.304,9.56,14.51,,2,12,,5,8,,2,8,,1292,1355,,65,85.9,0.242,0.29,0.485,51.8,60.5,9.1,10.6,0.457,22.1,28.1,0.167
340,Washington State NCAA,30,19,11,0.633,14.7,14.64,,11,6,,12,4,,7,7,,1802,1800,,68,87.9,0.205,0.37,0.469,48.9,58.4,11.3,10.7,0.442,17.5,27.6,0.146
341,Weber State,31,11,20,0.355,-6.02,-3.15,,6,14,,8,7,,3,13,,1985,2074,,72.2,88,0.376,0.258,0.491,52.6,50.9,11,7.4,0.436,20.5,29.6,0.284
342,West Virginia,30,15,15,0.5,14.81,13.51,,7,11,,9,8,,6,7,,1995,1956,,74.5,87.5,0.269,0.243,0.476,51.5,59.4,12.3,12.6,0.442,19.3,30.9,0.191
343,Western Carolina,30,7,23,0.233,-23.58,-10.54,,0,14,,6,11,,1,12,,1567,1643,,62.6,82.7,0.236,0.279,0.435,56.4,49.9,11.6,9.2,0.41,23,36.1,0.149
344,Western Illinois,29,14,15,0.483,-6.45,-1.19,,5,12,,8,7,,6,8,,2053,1987,,72.8,95.6,0.305,0.438,0.513,46.6,54,11,8.9,0.487,16.8,19.5,0.201
345,Western Kentucky,30,18,12,0.6,-0.69,-0.66,,11,7,,10,6,,8,6,,2116,2021,,72.8,94.9,0.343,0.4,0.507,50.4,56.2,13.5,6.8,0.478,20.3,35.1,0.225
346,Western Michigan,30,16,14,0.533,-0.1,1.83,,10,10,,9,5,,7,9,,1951,1805,,69.5,93.2,0.291,0.39,0.499,48.7,53.2,12.8,8.1,0.468,17.9,23.1,0.199
347,Wichita State,30,14,16,0.467,4.59,3.46,,5,11,,9,6,,5,10,,1922,1888,,73.1,86.5,0.253,0.242,0.462,53.6,53.2,11.7,9.9,0.422,19.8,36.2,0.191
348,William & Mary,30,10,20,0.333,-13.34,-4.58,,5,13,,7,7,,3,13,,1712,1883,,68,82.9,0.226,0.358,0.483,47,66.7,11,4.9,0.45,23.6,25.7,0.171
349,Winthrop,30,6,24,0.2,-29.34,-11.41,,4,14,,5,9,,1,15,,1549,1882,,68.6,75.3,0.311,0.284,0.434,50,54.7,10.2,4.2,0.41,26.2,29.5,0.177
350,Wisconsin,29,8,21,0.276,-0.62,8.66,,5,13,,6,11,,2,10,,1679,1948,,67.2,85.8,0.22,0.357,0.484,44.6,60.9,9.9,6.7,0.455,19.5,24.3,0.158
351,Wofford,31,17,14,0.548,-7.07,-5.82,,11,3,,11,6,,6,8,,2051,1807,,69.8,94.8,0.214,0.391,0.469,49.9,51.8,9.9,7.6,0.437,15.4,27.5,0.16
352,Wright State,23,4,19,0.174,-14.67,-2.49,,3,14,,3,6,,1,13,,1377,1554,,72.9,82.1,0.2,0.315,0.436,45.7,43.6,10.8,8.9,0.411,16.8,24.4,0.132
353,Wyoming,30,17,13,0.567,5.2,2.56,,11,6,,12,4,,5,9,,1938,1726,,63.9,97.8,0.259,0.357,0.493,56.6,57.4,7.9,6.3,0.456,16,31,0.194
354,Xavier,30,9,21,0.3,-6.2,4.3,,4,16,,4,10,,5,11,,1870,2185,,73.5,84.4,0.292,0.175,0.462,47.5,55.1,10.2,7.7,0.417,19,28,0.218
355,Yale,27,16,11,0.593,-1.99,-3.69,,9,5,,7,3,,9,8,,1580,1534,,69.8,83,0.241,0.359,0.465,53.3,63.7,10,10.5,0.437,21.5,31,0.163
356,Youngstown State,30,23,7,0.767,-0.26,-5.76,,17,4,,14,4,,9,3,,1961,1649,,65.5,98.2,0.287,0.464,0.511,53.4,64.7,9.9,6.7,0.477,17,28.7,0.208
,,,,,,,,,,,,,,,,,,,,,,,,,,,,,,,,,